source,property_id,reconstructed_url,fair_value,lo,hi,pct,sqft
rightmove,170994530,https://www.rightmove.co.uk/properties/170994530,2307,1822,2791,-0.3,
rightmove,169029281,https://www.rightmove.co.uk/properties/169029281,4922,3888,5955,36.0,386
rightmove,171001631,https://www.rightmove.co.uk/properties/171001631,6962,5499,8424,7.7,1898
foxtons,chpk1688071,,2661,2102,3219,-10.4,565
rightmove,169881404,https://www.rightmove.co.uk/properties/169881404,2418,1910,2925,24.1,574
rightmove,171004697,https://www.rightmove.co.uk/properties/171004697,2749,2171,3326,-29.1,520
rightmove,171017885,https://www.rightmove.co.uk/properties/171017885,4492,3548,5435,-3.5,915
knightfrank,spl012503530,,18656,14738,22573,945.2,7701
rightmove,170993156,https://www.rightmove.co.uk/properties/170993156,3936,3109,4762,263.3,136
rightmove,170993906,https://www.rightmove.co.uk/properties/170993906,1892,1494,2289,82.1,165
rightmove,170941022,https://www.rightmove.co.uk/properties/170941022,3863,3051,4674,23.0,117
chestertons,21377982_SVL230576,,4986,3938,6033,-13.8,
chestertons,21377933_SVL250205,,3869,3056,4681,-16.0,
chestertons,21377941_SVL250285,,3869,3056,4681,29.2,
chestertons,21378688_KYC240041,,6205,4901,7508,20.9,
chestertons,21378685_FCL250268,,6256,4942,7569,67.8,1745
chestertons,21378681_KYC240206,,9037,7139,10934,38.3,2702
rightmove,87419352,https://www.rightmove.co.uk/properties/87419352,3211,2536,3885,-12.3,333
rightmove,87420483,https://www.rightmove.co.uk/properties/87420483,3127,2470,3783,-9.9,463
rightmove,87422601,https://www.rightmove.co.uk/properties/87422601,2796,2208,3383,0.7,291
rightmove,87424746,https://www.rightmove.co.uk/properties/87424746,8135,6426,9843,6.5,383
rightmove,87424974,https://www.rightmove.co.uk/properties/87424974,2958,2336,3579,-4.8,313
rightmove,87425964,https://www.rightmove.co.uk/properties/87425964,4558,3600,5515,39.4,
rightmove,170998040,https://www.rightmove.co.uk/properties/170998040,5909,4668,7149,68.7,306
rightmove,170996615,https://www.rightmove.co.uk/properties/170996615,7286,5755,8816,16.6,1779
rightmove,87427218,https://www.rightmove.co.uk/properties/87427218,8986,7098,10873,136.3,875
rightmove,87427563,https://www.rightmove.co.uk/properties/87427563,8780,6936,10623,191.2,483
rightmove,87427674,https://www.rightmove.co.uk/properties/87427674,4974,3929,6018,0.5,842
rightmove,87427833,https://www.rightmove.co.uk/properties/87427833,8843,6985,10700,213.6,460
rightmove,87428688,https://www.rightmove.co.uk/properties/87428688,3241,2560,3921,-13.1,
rightmove,87434049,https://www.rightmove.co.uk/properties/87434049,3702,2924,4479,4.2,603
rightmove,87434679,https://www.rightmove.co.uk/properties/87434679,8007,6325,9688,18.0,
rightmove,87434832,https://www.rightmove.co.uk/properties/87434832,4668,3687,5648,2.8,628
rightmove,168416057,https://www.rightmove.co.uk/properties/168416057,5546,4381,6710,79.7,
rightmove,87437304,https://www.rightmove.co.uk/properties/87437304,2907,2296,3517,779.5,400
rightmove,87438648,https://www.rightmove.co.uk/properties/87438648,6739,5323,8154,311.5,2460
rightmove,87443967,https://www.rightmove.co.uk/properties/87443967,2788,2202,3373,1.0,291
rightmove,87445890,https://www.rightmove.co.uk/properties/87445890,5261,4156,6365,-5.0,835
rightmove,87445938,https://www.rightmove.co.uk/properties/87445938,2913,2301,3524,71.6,
rightmove,87446256,https://www.rightmove.co.uk/properties/87446256,2913,2301,3524,71.6,
rightmove,87446196,https://www.rightmove.co.uk/properties/87446196,8784,6939,10628,109.7,681
rightmove,87447318,https://www.rightmove.co.uk/properties/87447318,4771,3769,5772,36.2,
rightmove,170943023,https://www.rightmove.co.uk/properties/170943023,4873,3849,5896,43.6,
rightmove,170534903,https://www.rightmove.co.uk/properties/170534903,5806,4586,7025,227.2,333
rightmove,170535185,https://www.rightmove.co.uk/properties/170535185,8559,6761,10356,224.0,460
foxtons,chpk3674137,,2350,1856,2843,0.0,318
rightmove,87479778,https://www.rightmove.co.uk/properties/87479778,2386,1884,2887,15.1,614
rightmove,166680083,https://www.rightmove.co.uk/properties/166680083,4197,3315,5078,-7.1,750
rightmove,58267875,https://www.rightmove.co.uk/properties/58267875,4339,3427,5250,139.7,
rightmove,170590490,https://www.rightmove.co.uk/properties/170590490,3078,2431,3724,-8.5,321
rightmove,163702109,https://www.rightmove.co.uk/properties/163702109,3799,3001,4596,84.2,549
rightmove,170820326,https://www.rightmove.co.uk/properties/170820326,8986,7098,10873,136.3,875
rightmove,87458871,https://www.rightmove.co.uk/properties/87458871,8771,6929,10612,48.2,431
rightmove,170830859,https://www.rightmove.co.uk/properties/170830859,5154,4071,6236,85.0,672
rightmove,87474186,https://www.rightmove.co.uk/properties/87474186,2309,1824,2793,16.9,547
rightmove,170552219,https://www.rightmove.co.uk/properties/170552219,5330,4210,6449,45.9,257
rightmove,170289866,https://www.rightmove.co.uk/properties/170289866,7846,6198,9493,120.9,609
foxtons,chpk2283858,,4986,3938,6033,25.4,1198
rightmove,170771996,https://www.rightmove.co.uk/properties/170771996,2422,1913,2930,13.5,614
rightmove,87418791,https://www.rightmove.co.uk/properties/87418791,4224,3336,5111,39.0,850
rightmove,170895464,https://www.rightmove.co.uk/properties/170895464,4093,3233,4952,-3.5,807
foxtons,chpk0029972,,4396,3472,5319,-6.3,858
foxtons,kncl0182818,,4989,3941,6036,-30.5,1054
foxtons,chpk1257120,,3033,2396,3669,35.7,681
rightmove,170753762,https://www.rightmove.co.uk/properties/170753762,6458,5101,7814,-6.1,1380
foxtons,chpk3398360,,2008,1586,2429,-35.3,179
rightmove,87444231,https://www.rightmove.co.uk/properties/87444231,4038,3190,4885,-2.2,778
rightmove,170948108,https://www.rightmove.co.uk/properties/170948108,4077,3220,4933,346.4,131
rightmove,170132135,https://www.rightmove.co.uk/properties/170132135,4430,3499,5360,17.4,
rightmove,87470334,https://www.rightmove.co.uk/properties/87470334,2389,1887,2890,-17.1,107
rightmove,87469245,https://www.rightmove.co.uk/properties/87469245,2070,1635,2504,-4.3,284
rightmove,87483012,https://www.rightmove.co.uk/properties/87483012,2548,2012,3083,36.0,429
rightmove,170488871,https://www.rightmove.co.uk/properties/170488871,2563,2024,3101,1.2,596
foxtons,chpk5683777,,2319,1832,2805,-39.6,140
foxtons,chpk1910083,,2942,2324,3559,0.3,623
rightmove,170548187,https://www.rightmove.co.uk/properties/170548187,4307,3402,5211,45.9,1292
rightmove,170994248,https://www.rightmove.co.uk/properties/170994248,3670,2899,4440,36.2,835
rightmove,170984075,https://www.rightmove.co.uk/properties/170984075,4401,3476,5325,-12.6,857
chestertons,21375163_PTL150014,,7448,5883,9012,-10.5,1974
rightmove,169754657,https://www.rightmove.co.uk/properties/169754657,4850,3831,5868,78.7,816
rightmove,159807719,https://www.rightmove.co.uk/properties/159807719,2503,1977,3028,141.5,113
rightmove,169061009,https://www.rightmove.co.uk/properties/169061009,5158,4074,6241,166.6,561
rightmove,169811102,https://www.rightmove.co.uk/properties/169811102,4772,3769,5774,81.6,816
rightmove,169917017,https://www.rightmove.co.uk/properties/169917017,5045,3985,6104,71.8,637
rightmove,169865453,https://www.rightmove.co.uk/properties/169865453,6675,5273,8076,39.6,256
savills,gbssresll250139l,,7140,5640,8639,24.4,1280
rightmove,170757767,https://www.rightmove.co.uk/properties/170757767,2873,2269,3476,-2.5,544
savills,gbwprewsl260007l,,3348,2644,4051,18.0,317
savills,gblsrecel200131l,,2156,1703,2608,-30.7,197
savills,gblsrecel120258l,,2188,1728,2647,-33.6,257
savills,gblsrecel230139l,,9846,7778,11913,98.0,2586
savills,gbkbreknl210124l,,3992,3153,4830,0.4,731
savills,gbwprewsl260003l,,6958,5496,8419,-13.7,1121
chestertons,21349773_CSL260003,,2363,1866,2859,27.0,557
rightmove,169868474,https://www.rightmove.co.uk/properties/169868474,7588,5994,9181,236.9,394
rightmove,169917356,https://www.rightmove.co.uk/properties/169917356,5017,3963,6070,51.1,621
rightmove,169896359,https://www.rightmove.co.uk/properties/169896359,6439,5086,7791,186.0,271
rightmove,170890796,https://www.rightmove.co.uk/properties/170890796,3633,2870,4395,14.5,669
knightfrank,knq012406773,,6393,5050,7735,11.8,1411
knightfrank,wlq012680130,,3340,2638,4041,-28.3,
knightfrank,knq012628550,,3799,3001,4596,13.5,674
rightmove,170984072,https://www.rightmove.co.uk/properties/170984072,5148,4066,6229,45.6,940
knightfrank,flq012501927,,4705,3716,5693,38.2,1612
rightmove,169572827,https://www.rightmove.co.uk/properties/169572827,6857,5417,8296,209.7,846
rightmove,169576088,https://www.rightmove.co.uk/properties/169576088,3069,2424,3713,3.8,402
rightmove,169655138,https://www.rightmove.co.uk/properties/169655138,7830,6185,9474,171.2,846
rightmove,169662278,https://www.rightmove.co.uk/properties/169662278,10288,8127,12448,121.1,832
rightmove,169693508,https://www.rightmove.co.uk/properties/169693508,8346,6593,10098,103.7,
rightmove,163895543,https://www.rightmove.co.uk/properties/163895543,2542,2008,3075,61.1,
rightmove,169695371,https://www.rightmove.co.uk/properties/169695371,10749,8491,13006,121.7,928
rightmove,168382850,https://www.rightmove.co.uk/properties/168382850,10243,8091,12394,1040.1,
rightmove,87461526,https://www.rightmove.co.uk/properties/87461526,4515,3566,5463,29.6,211
rightmove,87467994,https://www.rightmove.co.uk/properties/87467994,2748,2170,3325,1.9,
rightmove,170685230,https://www.rightmove.co.uk/properties/170685230,8209,6485,9932,48.3,871
rightmove,170835488,https://www.rightmove.co.uk/properties/170835488,2372,1873,2870,30.6,565
rightmove,167371679,https://www.rightmove.co.uk/properties/167371679,5609,4431,6786,75.0,135
rightmove,169446026,https://www.rightmove.co.uk/properties/169446026,6399,5055,7742,-5.2,
rightmove,169446692,https://www.rightmove.co.uk/properties/169446692,5557,4390,6723,34.9,
rightmove,169451909,https://www.rightmove.co.uk/properties/169451909,7244,5722,8765,252.9,
rightmove,87320226,https://www.rightmove.co.uk/properties/87320226,3440,2717,4162,63.7,565
rightmove,87472920,https://www.rightmove.co.uk/properties/87472920,2129,1681,2576,-21.3,282
rightmove,170962490,https://www.rightmove.co.uk/properties/170962490,4368,3450,5285,14.1,901
rightmove,169458788,https://www.rightmove.co.uk/properties/169458788,7351,5807,8894,1373.7,201
rightmove,169458785,https://www.rightmove.co.uk/properties/169458785,7351,5807,8894,784.2,201
rightmove,87447585,https://www.rightmove.co.uk/properties/87447585,6019,4755,7282,8.0,1047
rightmove,87448629,https://www.rightmove.co.uk/properties/87448629,11429,9028,13829,279.1,883
rightmove,170384648,https://www.rightmove.co.uk/properties/170384648,4261,3366,5155,205.1,215
rightmove,87455934,https://www.rightmove.co.uk/properties/87455934,4689,3704,5673,107.9,163
rightmove,87413346,https://www.rightmove.co.uk/properties/87413346,3774,2981,4566,-7.3,833
rightmove,87456654,https://www.rightmove.co.uk/properties/87456654,9219,7283,11154,76.3,730
rightmove,87458787,https://www.rightmove.co.uk/properties/87458787,3003,2372,3633,-6.2,316
chestertons,21376894_KEL220028,,7210,5695,8724,50.2,1221
chestertons,21356275_KEL070022,,6277,4958,7595,10.5,1346
rightmove,170992394,https://www.rightmove.co.uk/properties/170992394,4224,3336,5111,4.4,331
chestertons,21348102_KEL250058,,3572,2821,4322,-9.0,600
chestertons,21344063_CJL250168,,6893,5445,8340,43.6,1423
chestertons,21360100_CJL160102,,2436,1924,2947,12.9,531
chestertons,20916174_MCL240044,,12049,9518,14579,115.8,1927
chestertons,20735673_MCL070045,,8389,6627,10150,8.5,1256
chestertons,21342806_HEA751151,,6122,4836,7407,63.3,
rightmove,170417681,https://www.rightmove.co.uk/properties/170417681,3982,3145,4818,50.7,670
rightmove,166717640,https://www.rightmove.co.uk/properties/166717640,12507,9880,15133,12.6,2000
rightmove,169256690,https://www.rightmove.co.uk/properties/169256690,7399,5845,8952,34.7,1317
rightmove,169271303,https://www.rightmove.co.uk/properties/169271303,8448,6673,10222,18.0,1700
rightmove,169382483,https://www.rightmove.co.uk/properties/169382483,9296,7343,11248,832.3,995
rightmove,170590526,https://www.rightmove.co.uk/properties/170590526,4631,3658,5603,26.8,850
rightmove,170659874,https://www.rightmove.co.uk/properties/170659874,9608,7590,11625,24.0,2786
rightmove,170775077,https://www.rightmove.co.uk/properties/170775077,4062,3208,4915,-1.6,877
chestertons,21296000_CAL250091,,4991,3942,6039,38.9,1117
chestertons,21375200_PTL210230,,2935,2318,3551,5.6,803
chestertons,21291297_HEA734215,,10824,8550,13097,29.3,3991
chestertons,21376893_KNL250172,,6673,5271,8074,33.1,1200
chestertons,21376892_HEA260435,,7243,5721,8764,3.5,
rightmove,87458916,https://www.rightmove.co.uk/properties/87458916,2851,2252,3449,-1.2,291
chestertons,21376719_FCL120086,,6499,5134,7863,30.0,1450
rightmove,87459741,https://www.rightmove.co.uk/properties/87459741,3665,2895,4434,5.2,599
chestertons,21376727_HEA731216,,2404,1899,2908,35.2,
chestertons,21376726_HEA260286,,7243,5721,8764,-27.6,
chestertons,21376738_SVL231111,,2361,1865,2856,5.9,
rightmove,87462168,https://www.rightmove.co.uk/properties/87462168,4397,3473,5320,121.7,104
rightmove,87445107,https://www.rightmove.co.uk/properties/87445107,3449,2724,4173,-0.1,
rightmove,87463275,https://www.rightmove.co.uk/properties/87463275,7588,5994,9181,236.9,394
rightmove,87467328,https://www.rightmove.co.uk/properties/87467328,11750,9282,14217,84.2,1894
rightmove,87356778,https://www.rightmove.co.uk/properties/87356778,5815,4593,7036,138.5,456
rightmove,169312586,https://www.rightmove.co.uk/properties/169312586,6411,5064,7757,-5.4,
rightmove,170984261,https://www.rightmove.co.uk/properties/170984261,3825,3021,4628,34.8,
rightmove,169459703,https://www.rightmove.co.uk/properties/169459703,4780,3776,5783,81.3,816
foxtons,chpk1276514,,5855,4625,7084,-7.3,720
foxtons,chpk4983094,,2202,1739,2664,-29.2,
foxtons,chpk0035552,,2468,1949,2986,-13.1,593
foxtons,chpk0274114,,1933,1527,2338,-11.4,176
rightmove,169752113,https://www.rightmove.co.uk/properties/169752113,3663,2893,4432,4.7,896
rightmove,87458193,https://www.rightmove.co.uk/properties/87458193,2200,1738,2662,-2.3,286
rightmove,87445011,https://www.rightmove.co.uk/properties/87445011,7773,6140,9405,28.0,2254
rightmove,87458157,https://www.rightmove.co.uk/properties/87458157,2184,1725,2642,7.6,206
rightmove,87468411,https://www.rightmove.co.uk/properties/87468411,2893,2285,3500,-2.7,316
rightmove,87468597,https://www.rightmove.co.uk/properties/87468597,8076,6380,9771,162.9,
rightmove,87473001,https://www.rightmove.co.uk/properties/87473001,6007,4745,7268,203.0,
rightmove,87459417,https://www.rightmove.co.uk/properties/87459417,6155,4862,7447,58.4,1109
rightmove,87460104,https://www.rightmove.co.uk/properties/87460104,6155,4862,7447,58.4,1109
rightmove,169882244,https://www.rightmove.co.uk/properties/169882244,4360,3444,5275,49.1,624
rightmove,87382467,https://www.rightmove.co.uk/properties/87382467,2672,2110,3233,12.3,506
rightmove,87449892,https://www.rightmove.co.uk/properties/87449892,7748,6120,9375,1015.8,229
rightmove,169470965,https://www.rightmove.co.uk/properties/169470965,8404,6639,10168,152.7,875
rightmove,169668296,https://www.rightmove.co.uk/properties/169668296,3936,3109,4762,296.9,120
rightmove,170983169,https://www.rightmove.co.uk/properties/170983169,5733,4529,6936,13.4,809
rightmove,170946278,https://www.rightmove.co.uk/properties/170946278,7430,5869,8990,89.5,390
rightmove,87384045,https://www.rightmove.co.uk/properties/87384045,2100,1659,2541,-20.6,140
rightmove,87446286,https://www.rightmove.co.uk/properties/87446286,6537,5164,7909,-7.2,
rightmove,170991542,https://www.rightmove.co.uk/properties/170991542,2036,1608,2463,-21.3,176
rightmove,87516921,https://www.rightmove.co.uk/properties/87516921,7946,6277,9614,167.2,873
rightmove,170036522,https://www.rightmove.co.uk/properties/170036522,4447,3513,5380,60.8,
rightmove,87387990,https://www.rightmove.co.uk/properties/87387990,2954,2333,3574,6.3,572
rightmove,87465711,https://www.rightmove.co.uk/properties/87465711,6536,5163,7908,-8.2,
rightmove,170899712,https://www.rightmove.co.uk/properties/170899712,3287,2596,3977,-14.3,
rightmove,170820587,https://www.rightmove.co.uk/properties/170820587,8843,6985,10700,213.6,460
rightmove,170437391,https://www.rightmove.co.uk/properties/170437391,5861,4630,7091,-19.8,
rightmove,166680065,https://www.rightmove.co.uk/properties/166680065,6264,4948,7579,72.9,228
rightmove,170289731,https://www.rightmove.co.uk/properties/170289731,2501,1975,3026,14.0,539
rightmove,170550647,https://www.rightmove.co.uk/properties/170550647,8986,7098,10873,136.3,875
rightmove,87423414,https://www.rightmove.co.uk/properties/87423414,2719,2148,3289,25.9,623
rightmove,170152043,https://www.rightmove.co.uk/properties/170152043,4631,3658,5603,26.8,850
rightmove,170360627,https://www.rightmove.co.uk/properties/170360627,4408,3482,5333,17.0,941
rightmove,170446913,https://www.rightmove.co.uk/properties/170446913,4420,3491,5348,27.4,901
rightmove,169856444,https://www.rightmove.co.uk/properties/169856444,4408,3482,5333,17.0,941
rightmove,169912535,https://www.rightmove.co.uk/properties/169912535,6950,5490,8409,75.2,872
rightmove,87490353,https://www.rightmove.co.uk/properties/87490353,2332,1842,2821,11.5,592
rightmove,170522753,https://www.rightmove.co.uk/properties/170522753,8843,6985,10700,213.6,460
rightmove,170345051,https://www.rightmove.co.uk/properties/170345051,5699,4502,6895,219.4,760
rightmove,167390636,https://www.rightmove.co.uk/properties/167390636,12190,9630,14749,326.6,927
rightmove,168736889,https://www.rightmove.co.uk/properties/168736889,9212,7277,11146,99.9,
rightmove,170452619,https://www.rightmove.co.uk/properties/170452619,5101,4029,6172,123.0,299
rightmove,170452355,https://www.rightmove.co.uk/properties/170452355,4675,3693,5656,289.3,760
rightmove,170870747,https://www.rightmove.co.uk/properties/170870747,2445,1931,2958,-25.2,
rightmove,168434351,https://www.rightmove.co.uk/properties/168434351,9085,7177,10992,24.0,
rightmove,170205824,https://www.rightmove.co.uk/properties/170205824,5465,4317,6612,0.6,640
rightmove,170213534,https://www.rightmove.co.uk/properties/170213534,5227,4129,6324,128.0,286
rightmove,170026526,https://www.rightmove.co.uk/properties/170026526,3289,2598,3979,-14.4,400
rightmove,170026523,https://www.rightmove.co.uk/properties/170026523,3290,2599,3980,17.2,400
rightmove,170824046,https://www.rightmove.co.uk/properties/170824046,2576,2035,3116,10.6,
rightmove,166913039,https://www.rightmove.co.uk/properties/166913039,13355,10550,16159,12.3,951
rightmove,96168098,https://www.rightmove.co.uk/properties/96168098,2723,2151,3294,-13.6,500
rightmove,169707497,https://www.rightmove.co.uk/properties/169707497,9593,7578,11607,107.8,
rightmove,169741460,https://www.rightmove.co.uk/properties/169741460,11890,9393,14386,110.3,2232
rightmove,166011497,https://www.rightmove.co.uk/properties/166011497,7280,5751,8808,644.0,303
rightmove,170848778,https://www.rightmove.co.uk/properties/170848778,2553,2016,3089,-21.7,
rightmove,170847326,https://www.rightmove.co.uk/properties/170847326,2972,2347,3596,-47.5,
rightmove,169441238,https://www.rightmove.co.uk/properties/169441238,9267,7320,11213,227.3,905
rightmove,166294613,https://www.rightmove.co.uk/properties/166294613,3137,2478,3795,79.6,
rightmove,166257275,https://www.rightmove.co.uk/properties/166257275,3137,2478,3795,79.6,
rightmove,166741880,https://www.rightmove.co.uk/properties/166741880,3692,2916,4467,0.9,896
rightmove,170885681,https://www.rightmove.co.uk/properties/170885681,3676,2904,4447,29.2,965
rightmove,166115162,https://www.rightmove.co.uk/properties/166115162,9522,7522,11521,52.4,
rightmove,169209548,https://www.rightmove.co.uk/properties/169209548,5602,4425,6778,70.2,
rightmove,169223747,https://www.rightmove.co.uk/properties/169223747,7782,6147,9416,172.8,
rightmove,169227566,https://www.rightmove.co.uk/properties/169227566,7641,6036,9245,234.6,400
rightmove,169256168,https://www.rightmove.co.uk/properties/169256168,5428,4288,6567,83.6,
rightmove,170892608,https://www.rightmove.co.uk/properties/170892608,3060,2417,3702,-25.7,608
rightmove,170900120,https://www.rightmove.co.uk/properties/170900120,2927,2312,3541,3.6,718
rightmove,168976931,https://www.rightmove.co.uk/properties/168976931,3292,2600,3983,163.2,
rightmove,168004064,https://www.rightmove.co.uk/properties/168004064,5026,3970,6081,-14.2,
rightmove,168991373,https://www.rightmove.co.uk/properties/168991373,16820,13287,20352,222.0,4291
rightmove,170236976,https://www.rightmove.co.uk/properties/170236976,4140,3270,5009,41.8,850
rightmove,170864774,https://www.rightmove.co.uk/properties/170864774,3287,2596,3977,-14.3,
rightmove,170865167,https://www.rightmove.co.uk/properties/170865167,2801,2212,3389,0.5,291
rightmove,170864699,https://www.rightmove.co.uk/properties/170864699,6923,5469,8376,174.5,1334
rightmove,170865776,https://www.rightmove.co.uk/properties/170865776,5093,4023,6162,273.1,
rightmove,170035661,https://www.rightmove.co.uk/properties/170035661,3017,2383,3650,-0.2,485
rightmove,169567532,https://www.rightmove.co.uk/properties/169567532,5836,4610,7061,330.7,565
rightmove,87462984,https://www.rightmove.co.uk/properties/87462984,4777,3773,5780,46.5,791
rightmove,171010259,https://www.rightmove.co.uk/properties/171010259,2514,1986,3041,-8.5,675
rightmove,169695173,https://www.rightmove.co.uk/properties/169695173,2827,2233,3420,76.3,467
rightmove,170165960,https://www.rightmove.co.uk/properties/170165960,3615,2855,4374,15.1,669
rightmove,87414987,https://www.rightmove.co.uk/properties/87414987,5817,4595,7038,68.7,135
rightmove,87416619,https://www.rightmove.co.uk/properties/87416619,7883,6227,9538,18.2,545
rightmove,87417024,https://www.rightmove.co.uk/properties/87417024,7963,6290,9635,19.4,503
rightmove,87417189,https://www.rightmove.co.uk/properties/87417189,5817,4595,7038,68.7,135
rightmove,169178498,https://www.rightmove.co.uk/properties/169178498,3469,2740,4197,12.4,643
rightmove,87417609,https://www.rightmove.co.uk/properties/87417609,7267,5740,8793,24.6,553
rightmove,170415830,https://www.rightmove.co.uk/properties/170415830,9229,7290,11167,162.9,908
rightmove,170911682,https://www.rightmove.co.uk/properties/170911682,4176,3299,5052,-11.8,980
rightmove,87441960,https://www.rightmove.co.uk/properties/87441960,4784,3779,5788,46.3,791
rightmove,170985344,https://www.rightmove.co.uk/properties/170985344,3825,3021,4628,47.3,
rightmove,170986046,https://www.rightmove.co.uk/properties/170986046,3825,3021,4628,53.5,
rightmove,170916797,https://www.rightmove.co.uk/properties/170916797,7359,5813,8904,-42.2,1126
rightmove,170133470,https://www.rightmove.co.uk/properties/170133470,4420,3491,5348,27.4,901
rightmove,170986253,https://www.rightmove.co.uk/properties/170986253,5845,4617,7072,11.2,721
rightmove,87434565,https://www.rightmove.co.uk/properties/87434565,3839,3032,4645,5.0,709
rightmove,91647410,https://www.rightmove.co.uk/properties/91647410,7925,6260,9589,17.6,545
rightmove,70934171,https://www.rightmove.co.uk/properties/70934171,7821,6178,9463,34.4,553
rightmove,170133956,https://www.rightmove.co.uk/properties/170133956,4631,3658,5603,26.8,850
rightmove,87469848,https://www.rightmove.co.uk/properties/87469848,2450,1935,2964,-47.3,
rightmove,60504989,https://www.rightmove.co.uk/properties/60504989,7216,5700,8731,25.5,553
rightmove,60504977,https://www.rightmove.co.uk/properties/60504977,6289,4968,7609,38.8,391
rightmove,87405354,https://www.rightmove.co.uk/properties/87405354,5825,4601,7048,68.5,135
rightmove,87405414,https://www.rightmove.co.uk/properties/87405414,7863,6211,9514,33.6,553
rightmove,87405321,https://www.rightmove.co.uk/properties/87405321,4777,3773,5780,46.5,791
rightmove,87405495,https://www.rightmove.co.uk/properties/87405495,6273,4955,7590,39.2,391
rightmove,87405561,https://www.rightmove.co.uk/properties/87405561,6086,4807,7364,43.8,362
rightmove,87405603,https://www.rightmove.co.uk/properties/87405603,7912,6250,9573,17.7,545
rightmove,170915828,https://www.rightmove.co.uk/properties/170915828,2599,2053,3144,-54.0,
rightmove,170136458,https://www.rightmove.co.uk/properties/170136458,4408,3482,5333,27.8,901
rightmove,170136467,https://www.rightmove.co.uk/properties/170136467,3605,2847,4362,15.4,718
rightmove,170960453,https://www.rightmove.co.uk/properties/170960453,2560,2022,3097,-41.4,
rightmove,167014595,https://www.rightmove.co.uk/properties/167014595,2996,2366,3625,12.1,718
rightmove,170965961,https://www.rightmove.co.uk/properties/170965961,2592,2047,3136,33.7,558
rightmove,170967269,https://www.rightmove.co.uk/properties/170967269,2191,1730,2651,2.6,
rightmove,170972156,https://www.rightmove.co.uk/properties/170972156,4172,3295,5048,211.6,
rightmove,170972174,https://www.rightmove.co.uk/properties/170972174,3111,2457,3764,-26.9,725
rightmove,169863785,https://www.rightmove.co.uk/properties/169863785,2719,2148,3289,25.9,623
rightmove,170967134,https://www.rightmove.co.uk/properties/170967134,5222,4125,6318,211.2,305
rightmove,170895833,https://www.rightmove.co.uk/properties/170895833,4446,3512,5379,-10.0,148
rightmove,171022535,https://www.rightmove.co.uk/properties/171022535,2925,2310,3539,7.7,646
rightmove,169341257,https://www.rightmove.co.uk/properties/169341257,6169,4873,7464,-1.7,1051
rightmove,169341731,https://www.rightmove.co.uk/properties/169341731,4969,3925,6012,22.1,
rightmove,169378532,https://www.rightmove.co.uk/properties/169378532,4722,3730,5713,83.5,816
rightmove,166283066,https://www.rightmove.co.uk/properties/166283066,4696,3709,5682,15.3,936
rightmove,170901347,https://www.rightmove.co.uk/properties/170901347,7825,6181,9468,34.3,553
rightmove,170964794,https://www.rightmove.co.uk/properties/170964794,3395,2682,4107,-14.6,815
rightmove,169388819,https://www.rightmove.co.uk/properties/169388819,6338,5007,7668,120.9,853
rightmove,169406237,https://www.rightmove.co.uk/properties/169406237,6375,5036,7713,2.0,238
rightmove,169419605,https://www.rightmove.co.uk/properties/169419605,4780,3776,5783,81.3,816
rightmove,87378846,https://www.rightmove.co.uk/properties/87378846,6284,4964,7603,38.9,391
rightmove,166716302,https://www.rightmove.co.uk/properties/166716302,3349,2645,4052,29.4,591
rightmove,87378936,https://www.rightmove.co.uk/properties/87378936,7221,5704,8737,25.4,553
rightmove,87378987,https://www.rightmove.co.uk/properties/87378987,7878,6223,9532,18.3,545
rightmove,170106671,https://www.rightmove.co.uk/properties/170106671,4415,3487,5342,16.8,941
rightmove,170877155,https://www.rightmove.co.uk/properties/170877155,4464,3526,5401,26.2,119
rightmove,162805949,https://www.rightmove.co.uk/properties/162805949,4868,3845,5890,84.7,195
rightmove,163739021,https://www.rightmove.co.uk/properties/163739021,4503,3557,5448,203.1,890
rightmove,165218294,https://www.rightmove.co.uk/properties/165218294,5283,4173,6392,72.6,241
rightmove,170889356,https://www.rightmove.co.uk/properties/170889356,5825,4601,7048,68.5,135
rightmove,87482061,https://www.rightmove.co.uk/properties/87482061,4311,3405,5216,-9.5,892
rightmove,167761583,https://www.rightmove.co.uk/properties/167761583,8233,6504,9961,229.0,553
rightmove,170901653,https://www.rightmove.co.uk/properties/170901653,8042,6353,9730,59.0,341
rightmove,167761607,https://www.rightmove.co.uk/properties/167761607,9746,7699,11792,255.7,647
rightmove,167974892,https://www.rightmove.co.uk/properties/167974892,8235,6505,9964,97.3,810
rightmove,167868233,https://www.rightmove.co.uk/properties/167868233,3797,2999,4594,185.3,809
rightmove,167895569,https://www.rightmove.co.uk/properties/167895569,5832,4607,7056,71.5,418
rightmove,167902640,https://www.rightmove.co.uk/properties/167902640,7613,6014,9211,235.8,400
rightmove,167905148,https://www.rightmove.co.uk/properties/167905148,11485,9073,13896,-17.0,942
rightmove,166228847,https://www.rightmove.co.uk/properties/166228847,5493,4339,6646,53.8,821
rightmove,161730920,https://www.rightmove.co.uk/properties/161730920,5321,4203,6438,79.2,
rightmove,167911574,https://www.rightmove.co.uk/properties/167911574,5768,4556,6979,73.4,418
rightmove,165875597,https://www.rightmove.co.uk/properties/165875597,7812,6171,9452,92.0,1736
rightmove,165751499,https://www.rightmove.co.uk/properties/165751499,10086,7967,12204,48.7,884
rightmove,170854229,https://www.rightmove.co.uk/properties/170854229,5761,4551,6970,88.0,229
rightmove,165876566,https://www.rightmove.co.uk/properties/165876566,6741,5325,8156,122.5,
rightmove,165753185,https://www.rightmove.co.uk/properties/165753185,7044,5564,8523,112.9,726
rightmove,167932301,https://www.rightmove.co.uk/properties/167932301,5495,4341,6648,73.5,
rightmove,166106534,https://www.rightmove.co.uk/properties/166106534,6706,5297,8114,123.6,800
rightmove,167965514,https://www.rightmove.co.uk/properties/167965514,4465,3527,5402,123.9,
rightmove,167966213,https://www.rightmove.co.uk/properties/167966213,7116,5621,8610,40.5,1409
rightmove,169122245,https://www.rightmove.co.uk/properties/169122245,5204,4111,6296,66.5,816
rightmove,168000050,https://www.rightmove.co.uk/properties/168000050,4973,3928,6017,52.5,245
rightmove,168002927,https://www.rightmove.co.uk/properties/168002927,8780,6936,10623,191.2,483
rightmove,168082433,https://www.rightmove.co.uk/properties/168082433,5510,4352,6667,96.6,
rightmove,168101570,https://www.rightmove.co.uk/properties/168101570,5598,4422,6773,78.6,372
rightmove,166492130,https://www.rightmove.co.uk/properties/166492130,9001,7110,10891,177.7,
rightmove,87487470,https://www.rightmove.co.uk/properties/87487470,5042,3983,6100,63.6,156
rightmove,167268164,https://www.rightmove.co.uk/properties/167268164,4319,3412,5225,-4.7,785
rightmove,167391209,https://www.rightmove.co.uk/properties/167391209,4850,3831,5868,78.7,816
rightmove,166577882,https://www.rightmove.co.uk/properties/166577882,6016,4752,7279,0.5,1168
rightmove,166578497,https://www.rightmove.co.uk/properties/166578497,3634,2870,4397,66.3,
rightmove,166580723,https://www.rightmove.co.uk/properties/166580723,3442,2719,4164,75.6,173
rightmove,167363324,https://www.rightmove.co.uk/properties/167363324,3082,2434,3729,209.3,
rightmove,167364611,https://www.rightmove.co.uk/properties/167364611,5321,4203,6438,71.0,
rightmove,165334916,https://www.rightmove.co.uk/properties/165334916,7985,6308,9661,35.7,373
rightmove,170003873,https://www.rightmove.co.uk/properties/170003873,4839,3822,5855,79.1,821
rightmove,167466974,https://www.rightmove.co.uk/properties/167466974,5563,4394,6731,-10.4,743
rightmove,165992678,https://www.rightmove.co.uk/properties/165992678,5284,4174,6393,127.1,550
rightmove,167552039,https://www.rightmove.co.uk/properties/167552039,7588,5994,9181,236.9,394
rightmove,167552048,https://www.rightmove.co.uk/properties/167552048,5602,4425,6778,147.5,
rightmove,84355565,https://www.rightmove.co.uk/properties/84355565,4955,3914,5995,53.0,222
rightmove,167597471,https://www.rightmove.co.uk/properties/167597471,3211,2536,3885,61.9,
rightmove,170863706,https://www.rightmove.co.uk/properties/170863706,6094,4814,7373,14.8,791
rightmove,167609966,https://www.rightmove.co.uk/properties/167609966,4539,3585,5492,14.6,785
rightmove,109719086,https://www.rightmove.co.uk/properties/109719086,6795,5368,8221,107.3,327
rightmove,167659085,https://www.rightmove.co.uk/properties/167659085,8748,6910,10585,73.4,
rightmove,168495125,https://www.rightmove.co.uk/properties/168495125,4758,3758,5757,82.1,816
rightmove,170863790,https://www.rightmove.co.uk/properties/170863790,5817,4595,7038,68.7,135
rightmove,168495431,https://www.rightmove.co.uk/properties/168495431,13899,10980,16817,83.9,2483
rightmove,167749226,https://www.rightmove.co.uk/properties/167749226,2718,2147,3288,218.8,115
rightmove,169997165,https://www.rightmove.co.uk/properties/169997165,7614,6015,9212,255.7,553
rightmove,167750048,https://www.rightmove.co.uk/properties/167750048,3755,2966,4543,55.8,521
rightmove,167753225,https://www.rightmove.co.uk/properties/167753225,4772,3769,5774,81.6,816
rightmove,87529278,https://www.rightmove.co.uk/properties/87529278,7167,5661,8672,-23.3,796
rightmove,170864015,https://www.rightmove.co.uk/properties/170864015,7963,6290,9635,19.4,503
rightmove,170690048,https://www.rightmove.co.uk/properties/170690048,2435,1923,2946,-18.1,
rightmove,170864252,https://www.rightmove.co.uk/properties/170864252,7221,5704,8737,25.4,553
rightmove,170864468,https://www.rightmove.co.uk/properties/170864468,8035,6347,9722,15.9,545
rightmove,170864474,https://www.rightmove.co.uk/properties/170864474,6282,4962,7601,39.0,391
rightmove,169903727,https://www.rightmove.co.uk/properties/169903727,2382,1881,2882,5.0,528
rightmove,166873715,https://www.rightmove.co.uk/properties/166873715,6904,5454,8353,56.9,1079
rightmove,166914245,https://www.rightmove.co.uk/properties/166914245,7507,5930,9083,252.1,399
rightmove,165407738,https://www.rightmove.co.uk/properties/165407738,8115,6410,9819,6.8,1213
rightmove,167015381,https://www.rightmove.co.uk/properties/167015381,7489,5916,9061,0.1,896
rightmove,166939106,https://www.rightmove.co.uk/properties/166939106,12805,10115,15494,407.6,958
rightmove,167015696,https://www.rightmove.co.uk/properties/167015696,7029,5552,8505,6.6,893
rightmove,167017898,https://www.rightmove.co.uk/properties/167017898,7029,5552,8505,6.7,896
rightmove,167084822,https://www.rightmove.co.uk/properties/167084822,5557,4390,6723,34.9,
rightmove,167049902,https://www.rightmove.co.uk/properties/167049902,9215,7279,11150,128.1,800
rightmove,167050052,https://www.rightmove.co.uk/properties/167050052,3138,2479,3796,65.7,
rightmove,167050385,https://www.rightmove.co.uk/properties/167050385,8683,6859,10506,142.0,587
rightmove,167056775,https://www.rightmove.co.uk/properties/167056775,8705,6876,10533,141.4,582
rightmove,167082716,https://www.rightmove.co.uk/properties/167082716,6399,5055,7742,-5.2,
rightmove,167094746,https://www.rightmove.co.uk/properties/167094746,4758,3758,5757,82.1,816
rightmove,167095136,https://www.rightmove.co.uk/properties/167095136,7588,5994,9181,236.9,394
rightmove,167113616,https://www.rightmove.co.uk/properties/167113616,5569,4399,6738,149.0,
rightmove,167391989,https://www.rightmove.co.uk/properties/167391989,5606,4428,6783,73.9,969
rightmove,167136260,https://www.rightmove.co.uk/properties/167136260,7751,6123,9378,171.1,
rightmove,167138336,https://www.rightmove.co.uk/properties/167138336,8917,7044,10789,135.7,1556
rightmove,167154278,https://www.rightmove.co.uk/properties/167154278,8219,6493,9944,290.1,
rightmove,167160560,https://www.rightmove.co.uk/properties/167160560,9063,7159,10966,67.3,1603
rightmove,167161067,https://www.rightmove.co.uk/properties/167161067,9063,7159,10966,67.3,1603
rightmove,167175932,https://www.rightmove.co.uk/properties/167175932,7517,5938,9095,9.5,1461
rightmove,164538008,https://www.rightmove.co.uk/properties/164538008,7522,5942,9101,72.5,429
rightmove,87299781,https://www.rightmove.co.uk/properties/87299781,5341,4219,6462,58.2,
rightmove,170106674,https://www.rightmove.co.uk/properties/170106674,4850,3831,5868,78.7,816
rightmove,87335349,https://www.rightmove.co.uk/properties/87335349,6180,4882,7477,110.4,422
rightmove,165716348,https://www.rightmove.co.uk/properties/165716348,8851,6992,10709,188.8,438
rightmove,170958728,https://www.rightmove.co.uk/properties/170958728,4204,3321,5086,106.1,816
rightmove,165771101,https://www.rightmove.co.uk/properties/165771101,4850,3831,5868,78.7,816
rightmove,165816572,https://www.rightmove.co.uk/properties/165816572,4560,3602,5517,56.8,238
rightmove,84819767,https://www.rightmove.co.uk/properties/84819767,7797,6159,9434,227.9,2400
rightmove,84805748,https://www.rightmove.co.uk/properties/84805748,5255,4151,6358,64.9,816
rightmove,169351514,https://www.rightmove.co.uk/properties/169351514,7946,6277,9614,281.7,
rightmove,165178466,https://www.rightmove.co.uk/properties/165178466,4218,3332,5103,29.4,732
rightmove,165866057,https://www.rightmove.co.uk/properties/165866057,5614,4435,6792,50.5,1058
rightmove,165930155,https://www.rightmove.co.uk/properties/165930155,8780,6936,10623,191.2,483
rightmove,165933173,https://www.rightmove.co.uk/properties/165933173,7320,5782,8857,249.3,368
rightmove,168244583,https://www.rightmove.co.uk/properties/168244583,4408,3482,5333,17.0,941
rightmove,166188818,https://www.rightmove.co.uk/properties/166188818,2922,2308,3535,-3.6,306
rightmove,166019648,https://www.rightmove.co.uk/properties/166019648,6497,5132,7861,113.4,427
rightmove,166020737,https://www.rightmove.co.uk/properties/166020737,14168,11192,17143,80.4,2400
rightmove,165994907,https://www.rightmove.co.uk/properties/165994907,9105,7192,11017,114.2,932
rightmove,166100987,https://www.rightmove.co.uk/properties/166100987,5085,4017,6152,172.7,561
rightmove,166207904,https://www.rightmove.co.uk/properties/166207904,2977,2351,3602,-24.3,306
rightmove,166225448,https://www.rightmove.co.uk/properties/166225448,4021,3176,4865,35.8,
rightmove,166384724,https://www.rightmove.co.uk/properties/166384724,5462,4314,6609,-0.0,732
rightmove,166229006,https://www.rightmove.co.uk/properties/166229006,6376,5037,7714,13.7,227
rightmove,161392214,https://www.rightmove.co.uk/properties/161392214,5125,4048,6201,7.3,575
rightmove,166492118,https://www.rightmove.co.uk/properties/166492118,8225,6497,9952,289.9,380
rightmove,168183926,https://www.rightmove.co.uk/properties/168183926,3241,2560,3921,-13.1,
rightmove,166599860,https://www.rightmove.co.uk/properties/166599860,4666,3686,5645,85.7,796
rightmove,166619669,https://www.rightmove.co.uk/properties/166619669,4772,3769,5774,81.6,816
rightmove,168193289,https://www.rightmove.co.uk/properties/168193289,3076,2430,3721,-8.5,
rightmove,166928621,https://www.rightmove.co.uk/properties/166928621,7480,5909,9050,20.3,1234
rightmove,166913165,https://www.rightmove.co.uk/properties/166913165,8229,6500,9957,9.3,1158
rightmove,164935766,https://www.rightmove.co.uk/properties/164935766,5213,4118,6307,72.6,218
rightmove,168242858,https://www.rightmove.co.uk/properties/168242858,2955,2334,3575,193.3,
rightmove,166916396,https://www.rightmove.co.uk/properties/166916396,5106,4033,6178,76.3,158
rightmove,164896802,https://www.rightmove.co.uk/properties/164896802,3369,2661,4076,-2.8,
rightmove,164968577,https://www.rightmove.co.uk/properties/164968577,2899,2290,3507,-2.9,316
rightmove,164956601,https://www.rightmove.co.uk/properties/164956601,3196,2524,3867,-11.9,
rightmove,165068297,https://www.rightmove.co.uk/properties/165068297,6181,4882,7479,19.9,203
rightmove,165061268,https://www.rightmove.co.uk/properties/165061268,4155,3282,5027,103.4,
rightmove,165068321,https://www.rightmove.co.uk/properties/165068321,5322,4204,6439,36.8,122
rightmove,165384713,https://www.rightmove.co.uk/properties/165384713,3291,2599,3982,-14.4,434
rightmove,170329286,https://www.rightmove.co.uk/properties/170329286,5723,4521,6924,218.0,760
rightmove,170867972,https://www.rightmove.co.uk/properties/170867972,4495,3551,5438,304.9,760
rightmove,165430706,https://www.rightmove.co.uk/properties/165430706,3047,2407,3686,-7.6,321
rightmove,165495938,https://www.rightmove.co.uk/properties/165495938,6270,4953,7586,18.2,203
rightmove,165496817,https://www.rightmove.co.uk/properties/165496817,4658,3679,5636,16.3,819
rightmove,165396320,https://www.rightmove.co.uk/properties/165396320,5570,4400,6739,-1.3,737
rightmove,167965652,https://www.rightmove.co.uk/properties/167965652,7588,5994,9181,236.9,394
rightmove,165640814,https://www.rightmove.co.uk/properties/165640814,8502,6716,10287,200.7,483
rightmove,74094911,https://www.rightmove.co.uk/properties/74094911,4097,3236,4957,111.5,816
rightmove,165597362,https://www.rightmove.co.uk/properties/165597362,7443,5879,9006,243.5,382
rightmove,165598670,https://www.rightmove.co.uk/properties/165598670,10062,7948,12175,158.4,927
rightmove,165645170,https://www.rightmove.co.uk/properties/165645170,4171,3295,5046,107.8,816
rightmove,165647540,https://www.rightmove.co.uk/properties/165647540,4780,3776,5783,81.3,816
rightmove,169404710,https://www.rightmove.co.uk/properties/169404710,7934,6267,9600,222.2,394
rightmove,165663422,https://www.rightmove.co.uk/properties/165663422,4780,3776,5783,81.3,816
rightmove,87411822,https://www.rightmove.co.uk/properties/87411822,9618,7598,11637,350.5,834
rightmove,168245570,https://www.rightmove.co.uk/properties/168245570,7244,5722,8765,252.9,
rightmove,168274430,https://www.rightmove.co.uk/properties/168274430,2664,2104,3223,5.7,259
rightmove,166264076,https://www.rightmove.co.uk/properties/166264076,13998,11058,16937,113.6,960
rightmove,159672197,https://www.rightmove.co.uk/properties/159672197,13369,10561,16176,123.7,960
rightmove,159630575,https://www.rightmove.co.uk/properties/159630575,10948,8648,13247,173.1,723
rightmove,160222085,https://www.rightmove.co.uk/properties/160222085,10276,8118,12433,191.0,
rightmove,168289589,https://www.rightmove.co.uk/properties/168289589,4208,3324,5091,126.5,782
rightmove,167389799,https://www.rightmove.co.uk/properties/167389799,3002,2371,3632,-6.2,300
rightmove,164293613,https://www.rightmove.co.uk/properties/164293613,3282,2592,3971,-0.3,533
rightmove,167392028,https://www.rightmove.co.uk/properties/167392028,3002,2371,3632,-6.2,300
rightmove,164293943,https://www.rightmove.co.uk/properties/164293943,3089,2440,3737,6.1,432
rightmove,164294564,https://www.rightmove.co.uk/properties/164294564,4206,3322,5089,29.8,733
rightmove,164294183,https://www.rightmove.co.uk/properties/164294183,3558,2810,4305,6.5,602
rightmove,164510462,https://www.rightmove.co.uk/properties/164510462,6923,5469,8376,87.5,334
rightmove,164465801,https://www.rightmove.co.uk/properties/164465801,5839,4612,7065,215.4,338
rightmove,164522618,https://www.rightmove.co.uk/properties/164522618,7380,5830,8929,75.9,1362
rightmove,164515094,https://www.rightmove.co.uk/properties/164515094,7602,6005,9198,70.7,429
rightmove,164520971,https://www.rightmove.co.uk/properties/164520971,7110,5616,8603,82.5,
rightmove,167392055,https://www.rightmove.co.uk/properties/167392055,5557,4390,6723,149.5,382
rightmove,165050438,https://www.rightmove.co.uk/properties/165050438,3479,2748,4209,24.5,
rightmove,164610668,https://www.rightmove.co.uk/properties/164610668,9953,7862,12043,335.4,775
rightmove,165050423,https://www.rightmove.co.uk/properties/165050423,7101,5609,8592,82.8,384
rightmove,167389934,https://www.rightmove.co.uk/properties/167389934,12190,9630,14749,255.5,927
rightmove,164761727,https://www.rightmove.co.uk/properties/164761727,6735,5320,8149,543.4,775
rightmove,164818418,https://www.rightmove.co.uk/properties/164818418,3247,2565,3928,0.9,432
rightmove,164826908,https://www.rightmove.co.uk/properties/164826908,5401,4266,6535,34.8,122
rightmove,164827346,https://www.rightmove.co.uk/properties/164827346,6144,4853,7434,20.6,203
rightmove,164827439,https://www.rightmove.co.uk/properties/164827439,3195,2524,3865,-11.9,
rightmove,164896376,https://www.rightmove.co.uk/properties/164896376,7554,5967,9140,-3.6,
rightmove,170950544,https://www.rightmove.co.uk/properties/170950544,8843,6985,10700,213.6,460
rightmove,168304115,https://www.rightmove.co.uk/properties/168304115,5888,4651,7124,135.5,456
rightmove,168306863,https://www.rightmove.co.uk/properties/168306863,5371,4243,6498,77.5,639
rightmove,168364739,https://www.rightmove.co.uk/properties/168364739,7563,5974,9151,238.0,394
rightmove,168365789,https://www.rightmove.co.uk/properties/168365789,6599,5213,7984,110.1,456
rightmove,168375677,https://www.rightmove.co.uk/properties/168375677,3198,2526,3869,2.4,434
rightmove,87413349,https://www.rightmove.co.uk/properties/87413349,4652,3675,5628,36.5,771
rightmove,168377018,https://www.rightmove.co.uk/properties/168377018,3138,2479,3796,-10.3,323
rightmove,161126432,https://www.rightmove.co.uk/properties/161126432,12076,9540,14611,-3.1,2000
rightmove,161201756,https://www.rightmove.co.uk/properties/161201756,6598,5212,7983,31.3,
rightmove,161142824,https://www.rightmove.co.uk/properties/161142824,7690,6075,9304,232.5,390
rightmove,148711649,https://www.rightmove.co.uk/properties/148711649,10885,8599,13170,855.4,660
rightmove,161737802,https://www.rightmove.co.uk/properties/161737802,7797,6159,9434,225.1,2400
rightmove,162479627,https://www.rightmove.co.uk/properties/162479627,9363,7396,11329,992.2,437
rightmove,92604746,https://www.rightmove.co.uk/properties/92604746,8182,6463,9900,7.0,2362
rightmove,161895056,https://www.rightmove.co.uk/properties/161895056,9363,7396,11329,534.0,437
rightmove,161924321,https://www.rightmove.co.uk/properties/161924321,3259,2574,3943,-6.9,501
rightmove,162238460,https://www.rightmove.co.uk/properties/162238460,9154,7231,11076,113.0,967
rightmove,162459581,https://www.rightmove.co.uk/properties/162459581,4004,3163,4844,20.4,712
rightmove,162800591,https://www.rightmove.co.uk/properties/162800591,4030,3183,4876,19.6,712
rightmove,163023068,https://www.rightmove.co.uk/properties/163023068,4945,3906,5983,495.9,916
rightmove,167134940,https://www.rightmove.co.uk/properties/167134940,12436,9824,15047,91.6,2928
rightmove,163293428,https://www.rightmove.co.uk/properties/163293428,11185,8836,13533,239.0,778
rightmove,167391086,https://www.rightmove.co.uk/properties/167391086,3300,2607,3993,-0.7,444
rightmove,164498729,https://www.rightmove.co.uk/properties/164498729,5443,4299,6586,0.3,733
rightmove,163738481,https://www.rightmove.co.uk/properties/163738481,8986,7098,10873,121.8,875
rightmove,163784693,https://www.rightmove.co.uk/properties/163784693,3184,2515,3852,19.1,
rightmove,163891448,https://www.rightmove.co.uk/properties/163891448,4030,3183,4876,19.6,712
rightmove,170585195,https://www.rightmove.co.uk/properties/170585195,8257,6523,9990,6.0,2362
rightmove,163784939,https://www.rightmove.co.uk/properties/163784939,3241,2560,3921,48.7,
rightmove,166468955,https://www.rightmove.co.uk/properties/166468955,7280,5751,8808,1224.4,303
rightmove,164168912,https://www.rightmove.co.uk/properties/164168912,4004,3163,4844,19.0,712
rightmove,87459870,https://www.rightmove.co.uk/properties/87459870,4397,3473,5320,121.7,110
rightmove,170641106,https://www.rightmove.co.uk/properties/170641106,3407,2691,4122,4.9,915
rightmove,158647145,https://www.rightmove.co.uk/properties/158647145,7371,5823,8918,487.9,356
rightmove,158674154,https://www.rightmove.co.uk/properties/158674154,7371,5823,8918,487.9,359
rightmove,162216575,https://www.rightmove.co.uk/properties/162216575,2724,2151,3296,-1.4,266
rightmove,160716848,https://www.rightmove.co.uk/properties/160716848,6064,4790,7337,78.6,935
rightmove,160716818,https://www.rightmove.co.uk/properties/160716818,7588,5994,9181,236.9,394
rightmove,159205466,https://www.rightmove.co.uk/properties/159205466,3522,2782,4261,207.6,415
rightmove,159513875,https://www.rightmove.co.uk/properties/159513875,4121,3255,4986,520.4,483
rightmove,160121885,https://www.rightmove.co.uk/properties/160121885,9352,7388,11315,-5.0,942
rightmove,159713438,https://www.rightmove.co.uk/properties/159713438,7629,6026,9231,235.1,400
rightmove,159720953,https://www.rightmove.co.uk/properties/159720953,4786,3780,5791,14.1,819
rightmove,159720941,https://www.rightmove.co.uk/properties/159720941,5129,4051,6206,111.2,957
rightmove,159720965,https://www.rightmove.co.uk/properties/159720965,3147,2486,3807,1.9,421
rightmove,159720968,https://www.rightmove.co.uk/properties/159720968,3001,2370,3631,-9.0,300
rightmove,159738593,https://www.rightmove.co.uk/properties/159738593,4704,3716,5691,176.4,291
rightmove,159720977,https://www.rightmove.co.uk/properties/159720977,7957,6286,9627,465.5,826
rightmove,160336007,https://www.rightmove.co.uk/properties/160336007,8838,6982,10693,189.3,483
rightmove,160369364,https://www.rightmove.co.uk/properties/160369364,7572,5981,9162,237.7,394
rightmove,160712315,https://www.rightmove.co.uk/properties/160712315,8765,6924,10605,191.7,483
rightmove,160389746,https://www.rightmove.co.uk/properties/160389746,8762,6921,10602,191.8,483
rightmove,160820900,https://www.rightmove.co.uk/properties/160820900,6008,4746,7269,80.3,935
rightmove,161024654,https://www.rightmove.co.uk/properties/161024654,4706,3717,5694,93.4,962
rightmove,161080556,https://www.rightmove.co.uk/properties/161080556,5804,4585,7022,404.0,555
rightmove,161025164,https://www.rightmove.co.uk/properties/161025164,6362,5025,7698,56.3,1010
rightmove,161027249,https://www.rightmove.co.uk/properties/161027249,2858,2257,3458,191.8,280
rightmove,170752346,https://www.rightmove.co.uk/properties/170752346,6197,4895,7498,-30.1,1479
rightmove,157487312,https://www.rightmove.co.uk/properties/157487312,4344,3431,5256,-20.2,768
rightmove,149939903,https://www.rightmove.co.uk/properties/149939903,6679,5276,8081,10.3,980
rightmove,160716830,https://www.rightmove.co.uk/properties/160716830,5322,4204,6439,229.3,728
rightmove,154225592,https://www.rightmove.co.uk/properties/154225592,5307,4192,6421,37.2,122
rightmove,167392169,https://www.rightmove.co.uk/properties/167392169,4513,3565,5460,29.6,834
rightmove,153659483,https://www.rightmove.co.uk/properties/153659483,8031,6344,9717,88.8,967
rightmove,154564730,https://www.rightmove.co.uk/properties/154564730,3036,2398,3673,-10.1,305
rightmove,167391620,https://www.rightmove.co.uk/properties/167391620,4513,3565,5460,15.2,834
rightmove,154881101,https://www.rightmove.co.uk/properties/154881101,3242,2561,3922,1.0,434
rightmove,167391908,https://www.rightmove.co.uk/properties/167391908,3300,2607,3993,11.6,444
rightmove,154988051,https://www.rightmove.co.uk/properties/154988051,3239,2558,3919,-15.7,
rightmove,154988054,https://www.rightmove.co.uk/properties/154988054,3196,2524,3867,2.5,434
rightmove,155182457,https://www.rightmove.co.uk/properties/155182457,3215,2539,3890,-16.6,
rightmove,155847113,https://www.rightmove.co.uk/properties/155847113,6351,5017,7684,70.6,935
rightmove,156791117,https://www.rightmove.co.uk/properties/156791117,5024,3968,6079,158.8,282
rightmove,152041199,https://www.rightmove.co.uk/properties/152041199,8773,6930,10615,650.8,452
rightmove,152041202,https://www.rightmove.co.uk/properties/152041202,4061,3208,4913,326.8,675
rightmove,156869279,https://www.rightmove.co.uk/properties/156869279,3293,2601,3984,597.4,545
rightmove,152041196,https://www.rightmove.co.uk/properties/152041196,9418,7440,11395,620.1,730
rightmove,156972422,https://www.rightmove.co.uk/properties/156972422,5038,3980,6095,158.0,276
rightmove,156159710,https://www.rightmove.co.uk/properties/156159710,6056,4784,7327,164.7,800
rightmove,160728749,https://www.rightmove.co.uk/properties/160728749,5066,4002,6129,627.1,184
rightmove,170936906,https://www.rightmove.co.uk/properties/170936906,8076,6380,9771,162.9,
rightmove,132594347,https://www.rightmove.co.uk/properties/132594347,9478,7487,11468,242.9,826
rightmove,148711745,https://www.rightmove.co.uk/properties/148711745,9005,7113,10896,164.7,508
rightmove,168399848,https://www.rightmove.co.uk/properties/168399848,3430,2709,4150,9.9,558
rightmove,168400814,https://www.rightmove.co.uk/properties/168400814,3422,2703,4140,8.9,571
rightmove,150066656,https://www.rightmove.co.uk/properties/150066656,5490,4337,6642,152.6,380
rightmove,159111935,https://www.rightmove.co.uk/properties/159111935,5158,4074,6241,168.8,453
rightmove,148711727,https://www.rightmove.co.uk/properties/148711727,6996,5526,8465,550.4,336
rightmove,150777047,https://www.rightmove.co.uk/properties/150777047,3957,3126,4787,25.9,728
rightmove,150777443,https://www.rightmove.co.uk/properties/150777443,3433,2712,4153,-4.1,539
rightmove,151003793,https://www.rightmove.co.uk/properties/151003793,3120,2464,3775,330.5,
rightmove,148711754,https://www.rightmove.co.uk/properties/148711754,10983,8676,13289,77.5,906
rightmove,151414187,https://www.rightmove.co.uk/properties/151414187,10983,8676,13289,255.1,906
rightmove,151390751,https://www.rightmove.co.uk/properties/151390751,2948,2328,3567,292.2,
rightmove,151390760,https://www.rightmove.co.uk/properties/151390760,2948,2328,3567,425.8,
rightmove,151393169,https://www.rightmove.co.uk/properties/151393169,4420,3491,5348,407.1,
rightmove,151412213,https://www.rightmove.co.uk/properties/151412213,7157,5654,8659,434.4,
rightmove,151416932,https://www.rightmove.co.uk/properties/151416932,7157,5654,8659,116.2,
rightmove,151769750,https://www.rightmove.co.uk/properties/151769750,4723,3731,5714,14.7,
rightmove,152013362,https://www.rightmove.co.uk/properties/152013362,11287,8916,13657,149.5,2700
rightmove,152063594,https://www.rightmove.co.uk/properties/152063594,5001,3950,6051,4.0,
rightmove,151393172,https://www.rightmove.co.uk/properties/151393172,8480,6699,10260,417.9,
rightmove,152149439,https://www.rightmove.co.uk/properties/152149439,4753,3754,5751,23.1,
rightmove,152357141,https://www.rightmove.co.uk/properties/152357141,8699,6872,10525,198.9,
rightmove,152409044,https://www.rightmove.co.uk/properties/152409044,10632,8399,12864,154.7,
rightmove,152397338,https://www.rightmove.co.uk/properties/152397338,4341,3429,5252,64.7,
rightmove,151379699,https://www.rightmove.co.uk/properties/151379699,4668,3687,5648,57.8,
rightmove,166117271,https://www.rightmove.co.uk/properties/166117271,11036,8718,13353,170.9,553
rightmove,87382017,https://www.rightmove.co.uk/properties/87382017,3219,2543,3894,-12.5,
rightmove,168425927,https://www.rightmove.co.uk/properties/168425927,5109,4036,6181,171.4,456
rightmove,168466778,https://www.rightmove.co.uk/properties/168466778,4756,3757,5754,82.2,821
rightmove,168481484,https://www.rightmove.co.uk/properties/168481484,3430,2709,4150,9.9,558
rightmove,168495176,https://www.rightmove.co.uk/properties/168495176,4857,3837,5876,33.8,
rightmove,168504545,https://www.rightmove.co.uk/properties/168504545,2983,2356,3609,9.7,296
rightmove,169917353,https://www.rightmove.co.uk/properties/169917353,9164,7239,11088,278.3,
rightmove,170052716,https://www.rightmove.co.uk/properties/170052716,3704,2926,4481,404.3,
rightmove,168521870,https://www.rightmove.co.uk/properties/168521870,3184,2515,3852,2.7,
rightmove,125959262,https://www.rightmove.co.uk/properties/125959262,6655,5257,8052,160.5,681
rightmove,127547201,https://www.rightmove.co.uk/properties/127547201,4064,3210,4917,249.4,675
rightmove,85887339,https://www.rightmove.co.uk/properties/85887339,6641,5246,8035,161.0,986
rightmove,154880183,https://www.rightmove.co.uk/properties/154880183,5527,4366,6687,31.7,130
rightmove,170053064,https://www.rightmove.co.uk/properties/170053064,7797,6159,9434,483.6,
rightmove,132594380,https://www.rightmove.co.uk/properties/132594380,9190,7260,11119,395.1,826
rightmove,134224754,https://www.rightmove.co.uk/properties/134224754,8649,6832,10465,100.4,
rightmove,171020018,https://www.rightmove.co.uk/properties/171020018,4589,3625,5552,18.0,732
rightmove,87321420,https://www.rightmove.co.uk/properties/87321420,5111,4037,6184,112.0,936
rightmove,160716881,https://www.rightmove.co.uk/properties/160716881,11128,8791,13464,484.1,883
rightmove,144968678,https://www.rightmove.co.uk/properties/144968678,3230,2551,3908,-0.7,427
rightmove,146268113,https://www.rightmove.co.uk/properties/146268113,4709,3720,5697,296.7,750
rightmove,146207132,https://www.rightmove.co.uk/properties/146207132,3247,2565,3928,-1.3,432
rightmove,146893304,https://www.rightmove.co.uk/properties/146893304,6052,4781,7322,71.8,935
rightmove,146963222,https://www.rightmove.co.uk/properties/146963222,4259,3364,5153,357.9,
rightmove,167044592,https://www.rightmove.co.uk/properties/167044592,4259,3364,5153,542.7,
rightmove,87321456,https://www.rightmove.co.uk/properties/87321456,4530,3578,5481,77.9,818
rightmove,148213709,https://www.rightmove.co.uk/properties/148213709,4824,3810,5837,13.2,819
rightmove,148711670,https://www.rightmove.co.uk/properties/148711670,5774,4561,6986,838.1,119
rightmove,148711919,https://www.rightmove.co.uk/properties/148711919,7994,6315,9672,252.3,958
rightmove,148711763,https://www.rightmove.co.uk/properties/148711763,9314,7358,11269,44.2,572
rightmove,163023053,https://www.rightmove.co.uk/properties/163023053,4586,3622,5549,514.2,797
rightmove,148711664,https://www.rightmove.co.uk/properties/148711664,10885,8599,13170,417.5,660
rightmove,170485976,https://www.rightmove.co.uk/properties/170485976,3193,2522,3863,20.8,
rightmove,168524864,https://www.rightmove.co.uk/properties/168524864,5792,4575,7008,143.1,380
rightmove,168542405,https://www.rightmove.co.uk/properties/168542405,4773,3770,5775,81.6,817
rightmove,169113725,https://www.rightmove.co.uk/properties/169113725,2942,2324,3559,11.2,296
rightmove,168531848,https://www.rightmove.co.uk/properties/168531848,3189,2519,3858,2.7,434
rightmove,168546581,https://www.rightmove.co.uk/properties/168546581,5546,4381,6710,87.5,
rightmove,168554012,https://www.rightmove.co.uk/properties/168554012,6477,5116,7837,57.2,256
rightmove,170687690,https://www.rightmove.co.uk/properties/170687690,4430,3499,5360,17.4,
rightmove,19896063,https://www.rightmove.co.uk/properties/19896063,5963,4710,7215,2806.8,500
rightmove,83478161,https://www.rightmove.co.uk/properties/83478161,7733,6109,9356,292.3,
rightmove,64213938,https://www.rightmove.co.uk/properties/64213938,3453,2727,4178,12.9,557
rightmove,50954439,https://www.rightmove.co.uk/properties/50954439,3109,2456,3761,15.0,427
rightmove,72505584,https://www.rightmove.co.uk/properties/72505584,8773,6930,10615,418.6,452
rightmove,119458274,https://www.rightmove.co.uk/properties/119458274,9498,7503,11492,458.9,730
rightmove,119458502,https://www.rightmove.co.uk/properties/119458502,3296,2603,3988,596.8,500
rightmove,119458982,https://www.rightmove.co.uk/properties/119458982,5824,4600,7047,294.3,490
rightmove,169135826,https://www.rightmove.co.uk/properties/169135826,3178,2510,3845,3.1,434
rightmove,168593381,https://www.rightmove.co.uk/properties/168593381,4058,3205,4910,113.6,821
rightmove,168610130,https://www.rightmove.co.uk/properties/168610130,3341,2639,4042,12.7,558
rightmove,168646217,https://www.rightmove.co.uk/properties/168646217,5067,4002,6131,49.7,621
rightmove,168647378,https://www.rightmove.co.uk/properties/168647378,5924,4679,7168,46.3,637
rightmove,168647777,https://www.rightmove.co.uk/properties/168647777,3086,2437,3734,6.2,434
rightmove,168647810,https://www.rightmove.co.uk/properties/168647810,2880,2275,3484,13.6,296
rightmove,87429258,https://www.rightmove.co.uk/properties/87429258,9172,7245,11098,-23.7,
rightmove,168687395,https://www.rightmove.co.uk/properties/168687395,7785,6150,9419,114.3,
rightmove,169917527,https://www.rightmove.co.uk/properties/169917527,7387,5835,8938,281.3,729
rightmove,170462609,https://www.rightmove.co.uk/properties/170462609,4366,3449,5282,396.2,
rightmove,168785225,https://www.rightmove.co.uk/properties/168785225,12319,9732,14905,251.8,883
rightmove,125596604,https://www.rightmove.co.uk/properties/125596604,5115,4040,6189,391.4,565
rightmove,168811442,https://www.rightmove.co.uk/properties/168811442,6315,4988,7641,-5.0,948
rightmove,168811580,https://www.rightmove.co.uk/properties/168811580,6199,4897,7500,-3.2,920
rightmove,165894323,https://www.rightmove.co.uk/properties/165894323,8926,7051,10800,181.6,1587
rightmove,165895244,https://www.rightmove.co.uk/properties/165895244,8926,7051,10800,181.6,1587
rightmove,168830699,https://www.rightmove.co.uk/properties/168830699,5601,4424,6777,7.1,924
rightmove,168831188,https://www.rightmove.co.uk/properties/168831188,5601,4424,6777,7.1,924
rightmove,168862964,https://www.rightmove.co.uk/properties/168862964,5625,4443,6806,589.5,268
rightmove,166702835,https://www.rightmove.co.uk/properties/166702835,10887,8600,13173,56.1,981
rightmove,168926150,https://www.rightmove.co.uk/properties/168926150,8100,6399,9801,208.6,
rightmove,168910256,https://www.rightmove.co.uk/properties/168910256,10580,8358,12801,923.9,
rightmove,168195263,https://www.rightmove.co.uk/properties/168195263,3307,2612,4001,-1.1,533
rightmove,168958193,https://www.rightmove.co.uk/properties/168958193,5778,4564,6991,73.0,
rightmove,167720681,https://www.rightmove.co.uk/properties/167720681,8235,6505,9964,9.3,810
rightmove,168959276,https://www.rightmove.co.uk/properties/168959276,6352,5018,7685,-5.6,940
rightmove,168962012,https://www.rightmove.co.uk/properties/168962012,2636,2082,3189,6.8,259
rightmove,168962129,https://www.rightmove.co.uk/properties/168962129,3310,2614,4005,13.9,558
rightmove,168003593,https://www.rightmove.co.uk/properties/168003593,5026,3970,6081,-14.2,
rightmove,170452352,https://www.rightmove.co.uk/properties/170452352,6095,4815,7374,43.6,362
rightmove,169423028,https://www.rightmove.co.uk/properties/169423028,5588,4414,6761,171.4,906
rightmove,169032596,https://www.rightmove.co.uk/properties/169032596,8464,6686,10241,150.9,875
rightmove,169308479,https://www.rightmove.co.uk/properties/169308479,6808,5378,8237,3.4,413
rightmove,169435589,https://www.rightmove.co.uk/properties/169435589,5737,4532,6941,164.4,906
rightmove,169436603,https://www.rightmove.co.uk/properties/169436603,4712,3722,5701,51.7,913
rightmove,170533838,https://www.rightmove.co.uk/properties/170533838,5666,4476,6855,240.3,341
rightmove,170695988,https://www.rightmove.co.uk/properties/170695988,3638,2874,4401,-13.4,
rightmove,169994237,https://www.rightmove.co.uk/properties/169994237,3699,2922,4475,3.7,896
rightmove,169891358,https://www.rightmove.co.uk/properties/169891358,7221,5704,8737,25.4,553
rightmove,170986802,https://www.rightmove.co.uk/properties/170986802,4026,3180,4871,-15.5,721
rightmove,170318897,https://www.rightmove.co.uk/properties/170318897,6095,4815,7374,43.6,362
rightmove,170329253,https://www.rightmove.co.uk/properties/170329253,6097,4816,7377,43.6,362
rightmove,170330714,https://www.rightmove.co.uk/properties/170330714,6097,4816,7377,43.6,362
rightmove,170360726,https://www.rightmove.co.uk/properties/170360726,6095,4815,7374,43.6,362
rightmove,170791904,https://www.rightmove.co.uk/properties/170791904,2281,1801,2760,-18.3,550
rightmove,171022700,https://www.rightmove.co.uk/properties/171022700,2145,1694,2595,18.2,
rightmove,147392693,https://www.rightmove.co.uk/properties/147392693,6006,4744,7267,58.2,790
rightmove,169014068,https://www.rightmove.co.uk/properties/169014068,7219,5703,8734,800.4,291
rightmove,87314034,https://www.rightmove.co.uk/properties/87314034,10627,8395,12858,136.5,1565
rightmove,169014932,https://www.rightmove.co.uk/properties/169014932,7459,5892,9025,109.1,820
rightmove,169060841,https://www.rightmove.co.uk/properties/169060841,6098,4817,7378,24.4,1177
rightmove,169024895,https://www.rightmove.co.uk/properties/169024895,7209,5695,8722,651.4,291
rightmove,169069994,https://www.rightmove.co.uk/properties/169069994,5007,3955,6058,289.5,
rightmove,169070003,https://www.rightmove.co.uk/properties/169070003,5007,3955,6058,289.5,
rightmove,168005933,https://www.rightmove.co.uk/properties/168005933,4698,3711,5684,84.5,807
rightmove,169041782,https://www.rightmove.co.uk/properties/169041782,7824,6180,9467,171.4,846
rightmove,169057448,https://www.rightmove.co.uk/properties/169057448,8458,6681,10234,151.0,875
rightmove,169126382,https://www.rightmove.co.uk/properties/169126382,7830,6185,9474,171.2,846
rightmove,169126793,https://www.rightmove.co.uk/properties/169126793,5583,4410,6755,78.5,
rightmove,169015907,https://www.rightmove.co.uk/properties/169015907,8125,6418,9831,161.3,846
rightmove,169147895,https://www.rightmove.co.uk/properties/169147895,9726,7683,11768,133.9,886
rightmove,150475922,https://www.rightmove.co.uk/properties/150475922,5077,4010,6143,8.3,701
rightmove,169072082,https://www.rightmove.co.uk/properties/169072082,7915,6252,9577,168.3,860
rightmove,170947307,https://www.rightmove.co.uk/properties/170947307,2526,1995,3056,-1.0,427
rightmove,170950487,https://www.rightmove.co.uk/properties/170950487,3763,2972,4553,-13.6,814
rightmove,170992250,https://www.rightmove.co.uk/properties/170992250,2416,1908,2923,22.8,
rightmove,170991536,https://www.rightmove.co.uk/properties/170991536,3877,3062,4691,45.3,
rightmove,124602143,https://www.rightmove.co.uk/properties/124602143,3010,2377,3642,36.7,
rightmove,170992826,https://www.rightmove.co.uk/properties/170992826,11108,8775,13440,132.1,884
rightmove,87400875,https://www.rightmove.co.uk/properties/87400875,2659,2100,3217,19.8,402
rightmove,170994335,https://www.rightmove.co.uk/properties/170994335,7572,5981,9162,43.1,
rightmove,170993567,https://www.rightmove.co.uk/properties/170993567,2547,2012,3081,2.1,
rightmove,170987759,https://www.rightmove.co.uk/properties/170987759,2171,1715,2626,-10.2,285
rightmove,169919909,https://www.rightmove.co.uk/properties/169919909,10829,8554,13103,50.1,1808
rightmove,169958096,https://www.rightmove.co.uk/properties/169958096,4503,3557,5448,73.2,
rightmove,87456645,https://www.rightmove.co.uk/properties/87456645,5631,4448,6813,12.8,748
rightmove,87434742,https://www.rightmove.co.uk/properties/87434742,4573,3612,5533,5.0,618
rightmove,168976115,https://www.rightmove.co.uk/properties/168976115,4152,3280,5023,44.5,615
rightmove,169966679,https://www.rightmove.co.uk/properties/169966679,4850,3831,5868,78.7,816
rightmove,168803345,https://www.rightmove.co.uk/properties/168803345,4279,3380,5177,40.1,630
rightmove,166230008,https://www.rightmove.co.uk/properties/166230008,5960,4708,7211,117.8,
rightmove,167392148,https://www.rightmove.co.uk/properties/167392148,10369,8191,12546,44.7,
rightmove,170026529,https://www.rightmove.co.uk/properties/170026529,3290,2599,3980,17.2,400
rightmove,170039459,https://www.rightmove.co.uk/properties/170039459,5932,4686,7177,31.5,882
rightmove,168935402,https://www.rightmove.co.uk/properties/168935402,13699,10822,16575,9.5,877
rightmove,170160701,https://www.rightmove.co.uk/properties/170160701,7307,5772,8841,18.6,
rightmove,126397790,https://www.rightmove.co.uk/properties/126397790,12835,10139,15530,355.8,921
rightmove,170098799,https://www.rightmove.co.uk/properties/170098799,10839,8562,13115,439.7,
rightmove,170102801,https://www.rightmove.co.uk/properties/170102801,4447,3513,5380,60.8,
rightmove,170110532,https://www.rightmove.co.uk/properties/170110532,6034,4766,7301,-10.2,898
rightmove,170564822,https://www.rightmove.co.uk/properties/170564822,3554,2807,4300,21.9,641
rightmove,170999348,https://www.rightmove.co.uk/properties/170999348,4609,3641,5576,17.5,
rightmove,170261456,https://www.rightmove.co.uk/properties/170261456,4609,3641,5576,17.5,
rightmove,170149991,https://www.rightmove.co.uk/properties/170149991,4309,3404,5213,377.7,621
rightmove,168297968,https://www.rightmove.co.uk/properties/168297968,4481,3539,5422,89.7,157
rightmove,170162843,https://www.rightmove.co.uk/properties/170162843,10301,8137,12464,45.6,2977
rightmove,170170517,https://www.rightmove.co.uk/properties/170170517,3986,3148,4823,-18.5,753
rightmove,170171546,https://www.rightmove.co.uk/properties/170171546,4443,3509,5376,91.4,
rightmove,170171201,https://www.rightmove.co.uk/properties/170171201,4850,3831,5868,78.7,816
rightmove,170824808,https://www.rightmove.co.uk/properties/170824808,2651,2094,3207,-10.1,690
rightmove,170229971,https://www.rightmove.co.uk/properties/170229971,3991,3152,4829,8.6,717
rightmove,170232281,https://www.rightmove.co.uk/properties/170232281,6026,4760,7291,182.1,130
rightmove,170242637,https://www.rightmove.co.uk/properties/170242637,5019,3965,6072,137.4,238
rightmove,170797841,https://www.rightmove.co.uk/properties/170797841,5792,4575,7008,214.2,765
rightmove,170285561,https://www.rightmove.co.uk/properties/170285561,6006,4744,7267,-9.8,898
rightmove,170300693,https://www.rightmove.co.uk/properties/170300693,7545,5960,9129,164.2,304
rightmove,170584841,https://www.rightmove.co.uk/properties/170584841,5699,4502,6895,219.4,760
rightmove,170465669,https://www.rightmove.co.uk/properties/170465669,4780,3776,5783,81.3,816
rightmove,170313086,https://www.rightmove.co.uk/properties/170313086,5723,4521,6924,218.0,760
rightmove,170314547,https://www.rightmove.co.uk/properties/170314547,6007,4745,7268,203.0,
rightmove,170316824,https://www.rightmove.co.uk/properties/170316824,4822,3809,5834,277.4,760
rightmove,170317844,https://www.rightmove.co.uk/properties/170317844,6036,4768,7303,201.5,
rightmove,170319914,https://www.rightmove.co.uk/properties/170319914,8932,7056,10807,166.8,
rightmove,170865461,https://www.rightmove.co.uk/properties/170865461,4508,3561,5454,303.7,645
rightmove,169076090,https://www.rightmove.co.uk/properties/169076090,3376,2667,4084,62.9,
rightmove,169075718,https://www.rightmove.co.uk/properties/169075718,4149,3277,5020,32.5,740
rightmove,170336000,https://www.rightmove.co.uk/properties/170336000,5699,4502,6895,219.4,760
rightmove,163272887,https://www.rightmove.co.uk/properties/163272887,6716,5305,8126,35.5,256
rightmove,71158913,https://www.rightmove.co.uk/properties/71158913,4478,3537,5418,306.4,760
rightmove,164304038,https://www.rightmove.co.uk/properties/164304038,9294,7342,11245,459.5,808
rightmove,170365214,https://www.rightmove.co.uk/properties/170365214,5723,4521,6924,218.0,760
rightmove,170365916,https://www.rightmove.co.uk/properties/170365916,9345,7382,11307,94.8,1760
rightmove,170419535,https://www.rightmove.co.uk/properties/170419535,4536,3583,5488,142.5,646
rightmove,170420174,https://www.rightmove.co.uk/properties/170420174,7801,6162,9439,11.1,383
rightmove,170580974,https://www.rightmove.co.uk/properties/170580974,4917,3884,5949,27.8,
rightmove,170423504,https://www.rightmove.co.uk/properties/170423504,4935,3898,5971,268.8,
rightmove,170424137,https://www.rightmove.co.uk/properties/170424137,10018,7914,12121,69.7,919
rightmove,170440211,https://www.rightmove.co.uk/properties/170440211,4058,3205,4910,348.5,760
rightmove,170444033,https://www.rightmove.co.uk/properties/170444033,7480,5909,9050,20.3,1234
rightmove,170450021,https://www.rightmove.co.uk/properties/170450021,5194,4103,6284,111.8,646
rightmove,170454125,https://www.rightmove.co.uk/properties/170454125,5723,4521,6924,218.0,760
rightmove,170458778,https://www.rightmove.co.uk/properties/170458778,3241,2560,3921,19.0,
rightmove,170460110,https://www.rightmove.co.uk/properties/170460110,3241,2560,3921,-13.1,
rightmove,170485967,https://www.rightmove.co.uk/properties/170485967,3219,2543,3894,-12.5,
rightmove,170507657,https://www.rightmove.co.uk/properties/170507657,2919,2306,3531,-3.5,321
rightmove,170511329,https://www.rightmove.co.uk/properties/170511329,3496,2761,4230,10.3,599
rightmove,170511395,https://www.rightmove.co.uk/properties/170511395,2915,2302,3527,-3.4,321
rightmove,87507957,https://www.rightmove.co.uk/properties/87507957,3364,2657,4070,9.5,504
rightmove,170875241,https://www.rightmove.co.uk/properties/170875241,2472,1952,2991,-9.0,377
rightmove,170875283,https://www.rightmove.co.uk/properties/170875283,2472,1952,2991,-9.0,377
rightmove,170875259,https://www.rightmove.co.uk/properties/170875259,2413,1906,2919,-6.8,342
rightmove,170523338,https://www.rightmove.co.uk/properties/170523338,5722,4520,6923,108.2,400
rightmove,170531513,https://www.rightmove.co.uk/properties/170531513,3649,2882,4415,5.7,599
rightmove,170532737,https://www.rightmove.co.uk/properties/170532737,8974,7089,10858,136.6,875
rightmove,170532803,https://www.rightmove.co.uk/properties/170532803,8502,6716,10287,200.7,483
rightmove,170532887,https://www.rightmove.co.uk/properties/170532887,8825,6971,10678,214.3,460
rightmove,170533421,https://www.rightmove.co.uk/properties/170533421,3582,2829,4334,7.6,606
rightmove,170533562,https://www.rightmove.co.uk/properties/170533562,7432,5871,8992,185.7,875
rightmove,170534123,https://www.rightmove.co.uk/properties/170534123,8168,6452,9883,132.6,
rightmove,170534294,https://www.rightmove.co.uk/properties/170534294,8168,6452,9883,132.6,
rightmove,169944908,https://www.rightmove.co.uk/properties/169944908,4232,3343,5120,17.0,800
rightmove,170535422,https://www.rightmove.co.uk/properties/170535422,9050,7149,10950,109.9,862
rightmove,170536031,https://www.rightmove.co.uk/properties/170536031,5962,4709,7214,218.7,
rightmove,147309344,https://www.rightmove.co.uk/properties/147309344,8571,6771,10370,223.6,460
rightmove,75806267,https://www.rightmove.co.uk/properties/75806267,8514,6726,10301,200.3,483
rightmove,106458641,https://www.rightmove.co.uk/properties/106458641,7931,6265,9596,167.7,875
rightmove,170540834,https://www.rightmove.co.uk/properties/170540834,4617,3647,5586,40.8,797
rightmove,170543573,https://www.rightmove.co.uk/properties/170543573,4458,3521,5394,522.1,460
rightmove,170543651,https://www.rightmove.co.uk/properties/170543651,3646,2880,4411,5.8,599
rightmove,170545979,https://www.rightmove.co.uk/properties/170545979,6846,5408,8283,74.1,1231
rightmove,170547020,https://www.rightmove.co.uk/properties/170547020,4684,3700,5667,154.4,
rightmove,170835878,https://www.rightmove.co.uk/properties/170835878,9627,7605,11648,97.3,886
rightmove,87422379,https://www.rightmove.co.uk/properties/87422379,4047,3197,4896,159.5,
rightmove,170550674,https://www.rightmove.co.uk/properties/170550674,3665,2895,4434,5.2,599
rightmove,170555609,https://www.rightmove.co.uk/properties/170555609,8346,6593,10098,103.7,
rightmove,170560046,https://www.rightmove.co.uk/properties/170560046,4545,3590,5499,76.0,795
rightmove,169171340,https://www.rightmove.co.uk/properties/169171340,4948,3908,5987,16.0,955
rightmove,169170431,https://www.rightmove.co.uk/properties/169170431,4948,3908,5987,16.0,955
rightmove,170784182,https://www.rightmove.co.uk/properties/170784182,7710,6090,9329,259.7,2460
rightmove,170409962,https://www.rightmove.co.uk/properties/170409962,6555,5178,7931,7.4,413
rightmove,170689778,https://www.rightmove.co.uk/properties/170689778,5862,4630,7093,224.1,352
rightmove,152041190,https://www.rightmove.co.uk/properties/152041190,4280,3381,5178,436.6,
rightmove,170706707,https://www.rightmove.co.uk/properties/170706707,7435,5873,8996,273.0,382
rightmove,170753006,https://www.rightmove.co.uk/properties/170753006,3716,2935,4496,7.6,700
rightmove,170755580,https://www.rightmove.co.uk/properties/170755580,5062,3998,6125,124.7,299
rightmove,170763938,https://www.rightmove.co.uk/properties/170763938,5932,4686,7177,-8.7,
rightmove,170773979,https://www.rightmove.co.uk/properties/170773979,6579,5197,7960,107.5,228
rightmove,83616809,https://www.rightmove.co.uk/properties/83616809,3052,2411,3692,183.9,
rightmove,170784230,https://www.rightmove.co.uk/properties/170784230,5503,4347,6658,230.7,
rightmove,170797832,https://www.rightmove.co.uk/properties/170797832,2765,2184,3345,1.8,291
rightmove,170805938,https://www.rightmove.co.uk/properties/170805938,5796,4578,7013,55.2,306
rightmove,170838020,https://www.rightmove.co.uk/properties/170838020,4280,3381,5178,32.6,626
rightmove,170838632,https://www.rightmove.co.uk/properties/170838632,7746,6119,9372,258.0,
rightmove,170462708,https://www.rightmove.co.uk/properties/170462708,6847,5409,8284,279.7,
rightmove,170845172,https://www.rightmove.co.uk/properties/170845172,8691,6865,10516,199.2,770
rightmove,169877369,https://www.rightmove.co.uk/properties/169877369,4729,3735,5722,51.2,913
rightmove,170848253,https://www.rightmove.co.uk/properties/170848253,5490,4337,6642,117.0,750
rightmove,168959351,https://www.rightmove.co.uk/properties/168959351,5879,4644,7113,32.7,900
rightmove,170850023,https://www.rightmove.co.uk/properties/170850023,8847,6989,10704,189.0,486
rightmove,170855198,https://www.rightmove.co.uk/properties/170855198,2924,2309,3538,-3.7,291
rightmove,170857394,https://www.rightmove.co.uk/properties/170857394,4606,3638,5573,17.6,
rightmove,170863427,https://www.rightmove.co.uk/properties/170863427,2754,2175,3332,2.3,291
rightmove,170874506,https://www.rightmove.co.uk/properties/170874506,3145,2484,3805,30.9,
rightmove,170873735,https://www.rightmove.co.uk/properties/170873735,8825,6971,10678,160.6,460
rightmove,170876018,https://www.rightmove.co.uk/properties/170876018,8437,6665,10208,125.2,900
rightmove,170877272,https://www.rightmove.co.uk/properties/170877272,5723,4521,6924,218.0,760
rightmove,170891675,https://www.rightmove.co.uk/properties/170891675,2926,2311,3540,-3.8,316
rightmove,170893976,https://www.rightmove.co.uk/properties/170893976,7627,6025,9228,263.6,409
rightmove,170892194,https://www.rightmove.co.uk/properties/170892194,3507,2770,4243,9.8,599
rightmove,168909593,https://www.rightmove.co.uk/properties/168909593,4905,3874,5935,-8.3,953
rightmove,170447195,https://www.rightmove.co.uk/properties/170447195,9243,7301,11184,64.1,378
rightmove,87402663,https://www.rightmove.co.uk/properties/87402663,2447,1933,2960,15.1,420
rightmove,170984459,https://www.rightmove.co.uk/properties/170984459,3564,2815,4312,11.7,704
rightmove,170900588,https://www.rightmove.co.uk/properties/170900588,3083,2435,3730,-8.6,288
rightmove,170901341,https://www.rightmove.co.uk/properties/170901341,8915,7042,10787,211.1,503
rightmove,170901356,https://www.rightmove.co.uk/properties/170901356,2829,2234,3423,-0.5,291
rightmove,87375300,https://www.rightmove.co.uk/properties/87375300,3644,2878,4409,5.8,599
rightmove,170534138,https://www.rightmove.co.uk/properties/170534138,7808,6168,9447,34.5,375
rightmove,87376461,https://www.rightmove.co.uk/properties/87376461,6167,4871,7462,93.2,432
rightmove,63029447,https://www.rightmove.co.uk/properties/63029447,2757,2178,3335,2.1,291
rightmove,87379482,https://www.rightmove.co.uk/properties/87379482,2671,2110,3231,5.4,261
rightmove,87383091,https://www.rightmove.co.uk/properties/87383091,8825,6971,10678,214.3,460
rightmove,87383265,https://www.rightmove.co.uk/properties/87383265,9293,7341,11244,128.5,1875
rightmove,169558124,https://www.rightmove.co.uk/properties/169558124,4607,3639,5574,37.8,771
rightmove,87396219,https://www.rightmove.co.uk/properties/87396219,2741,2165,3316,2.7,261
rightmove,87397554,https://www.rightmove.co.uk/properties/87397554,8762,6921,10602,191.8,483
rightmove,87396612,https://www.rightmove.co.uk/properties/87396612,3715,2934,4495,3.8,599
rightmove,87398112,https://www.rightmove.co.uk/properties/87398112,8825,6971,10678,214.3,460
rightmove,87397020,https://www.rightmove.co.uk/properties/87397020,8974,7089,10858,136.6,875
rightmove,87401547,https://www.rightmove.co.uk/properties/87401547,10487,8284,12689,1759.4,701
rightmove,87411186,https://www.rightmove.co.uk/properties/87411186,5723,4521,6924,218.0,760
rightmove,87417063,https://www.rightmove.co.uk/properties/87417063,2765,2184,3345,1.8,291
rightmove,87418743,https://www.rightmove.co.uk/properties/87418743,3725,2942,4507,3.5,599
rightmove,170986472,https://www.rightmove.co.uk/properties/170986472,3769,2977,4560,-12.4,900
rightmove,168920447,https://www.rightmove.co.uk/properties/168920447,6123,4837,7408,22.5,486
rightmove,159447596,https://www.rightmove.co.uk/properties/159447596,6140,4850,7429,-36.5,950
rightmove,170092787,https://www.rightmove.co.uk/properties/170092787,3939,3111,4766,108.9,222
rightmove,167974154,https://www.rightmove.co.uk/properties/167974154,2718,2147,3288,25.9,623
rightmove,167924741,https://www.rightmove.co.uk/properties/167924741,3615,2855,4374,15.1,669
rightmove,167929844,https://www.rightmove.co.uk/properties/167929844,2733,2159,3306,25.2,623
rightmove,159625988,https://www.rightmove.co.uk/properties/159625988,4408,3482,5333,17.0,941
rightmove,167644934,https://www.rightmove.co.uk/properties/167644934,4344,3431,5256,18.7,941
rightmove,167645681,https://www.rightmove.co.uk/properties/167645681,2710,2140,3279,26.3,623
rightmove,168385184,https://www.rightmove.co.uk/properties/168385184,6125,4838,7411,-36.3,865
rightmove,159255239,https://www.rightmove.co.uk/properties/159255239,6125,4838,7411,-36.3,865
rightmove,169863734,https://www.rightmove.co.uk/properties/169863734,4408,3482,5333,17.0,941
rightmove,169565741,https://www.rightmove.co.uk/properties/169565741,4448,3513,5382,12.0,102
rightmove,165962843,https://www.rightmove.co.uk/properties/165962843,3792,2995,4588,15.4,790
rightmove,169406498,https://www.rightmove.co.uk/properties/169406498,4448,3513,5382,12.0,102
rightmove,169411316,https://www.rightmove.co.uk/properties/169411316,4448,3513,5382,12.0,102
rightmove,169185866,https://www.rightmove.co.uk/properties/169185866,4448,3513,5382,12.0,102
rightmove,163839044,https://www.rightmove.co.uk/properties/163839044,4546,3591,5500,29.6,930
rightmove,169111550,https://www.rightmove.co.uk/properties/169111550,3589,2835,4342,206.4,528
rightmove,168963452,https://www.rightmove.co.uk/properties/168963452,5916,4673,7158,2.5,1061
rightmove,168970844,https://www.rightmove.co.uk/properties/168970844,3697,2920,4473,3.7,896
rightmove,168807536,https://www.rightmove.co.uk/properties/168807536,2473,1953,2992,5.1,323
rightmove,168250679,https://www.rightmove.co.uk/properties/168250679,4464,3526,5401,35.9,111
rightmove,70941428,https://www.rightmove.co.uk/properties/70941428,4740,3744,5735,47.6,791
rightmove,168522992,https://www.rightmove.co.uk/properties/168522992,2458,1941,2974,4.9,547
rightmove,164895191,https://www.rightmove.co.uk/properties/164895191,7545,5960,9129,57.9,962
rightmove,168169403,https://www.rightmove.co.uk/properties/168169403,4450,3515,5384,36.3,111
rightmove,164822192,https://www.rightmove.co.uk/properties/164822192,7218,5702,8733,65.1,962
rightmove,87293640,https://www.rightmove.co.uk/properties/87293640,4449,3514,5383,36.3,111
rightmove,60504971,https://www.rightmove.co.uk/properties/60504971,7971,6297,9644,19.3,503
rightmove,170874656,https://www.rightmove.co.uk/properties/170874656,2924,2309,3538,-4.2,667
rightmove,167753720,https://www.rightmove.co.uk/properties/167753720,8662,6842,10481,4.5,2553
rightmove,163521890,https://www.rightmove.co.uk/properties/163521890,4540,3586,5493,29.8,930
rightmove,167478485,https://www.rightmove.co.uk/properties/167478485,5726,4523,6928,-1.6,1076
rightmove,167634083,https://www.rightmove.co.uk/properties/167634083,7219,5703,8734,25.4,553
rightmove,167634521,https://www.rightmove.co.uk/properties/167634521,3697,2920,4473,3.7,896
rightmove,169277612,https://www.rightmove.co.uk/properties/169277612,4464,3526,5401,35.9,111
rightmove,166839638,https://www.rightmove.co.uk/properties/166839638,7960,6288,9631,19.5,503
rightmove,167371508,https://www.rightmove.co.uk/properties/167371508,7878,6223,9532,18.3,545
rightmove,166839701,https://www.rightmove.co.uk/properties/166839701,7878,6223,9532,12.6,545
rightmove,166839680,https://www.rightmove.co.uk/properties/166839680,7839,6192,9485,34.0,553
rightmove,166839698,https://www.rightmove.co.uk/properties/166839698,4756,3757,5754,47.1,791
rightmove,167083358,https://www.rightmove.co.uk/properties/167083358,6095,4815,7374,43.6,362
rightmove,167094347,https://www.rightmove.co.uk/properties/167094347,3692,2916,4467,3.9,896
rightmove,167677763,https://www.rightmove.co.uk/properties/167677763,3692,2916,4467,3.9,896
rightmove,60504935,https://www.rightmove.co.uk/properties/60504935,5750,4542,6957,70.7,135
rightmove,169903586,https://www.rightmove.co.uk/properties/169903586,5611,4432,6789,74.9,135
rightmove,170972675,https://www.rightmove.co.uk/properties/170972675,4749,3751,5746,47.4,791
rightmove,166734242,https://www.rightmove.co.uk/properties/166734242,4749,3751,5746,47.4,791
rightmove,166478363,https://www.rightmove.co.uk/properties/166478363,3692,2916,4467,3.9,896
rightmove,166825520,https://www.rightmove.co.uk/properties/166825520,7963,6290,9635,19.4,503
rightmove,165234308,https://www.rightmove.co.uk/properties/165234308,6282,4962,7601,39.0,391
rightmove,165234368,https://www.rightmove.co.uk/properties/165234368,7162,5657,8666,26.4,523
rightmove,165365327,https://www.rightmove.co.uk/properties/165365327,5954,4703,7204,991.7,126
rightmove,170133632,https://www.rightmove.co.uk/properties/170133632,7214,5699,8728,25.5,553
rightmove,161644760,https://www.rightmove.co.uk/properties/161644760,5720,4518,6921,123.5,215
rightmove,162164669,https://www.rightmove.co.uk/properties/162164669,5726,4523,6928,123.2,215
rightmove,165095738,https://www.rightmove.co.uk/properties/165095738,6284,4964,7603,38.9,391
rightmove,165965441,https://www.rightmove.co.uk/properties/165965441,3779,2985,4572,14.1,916
rightmove,165234233,https://www.rightmove.co.uk/properties/165234233,2450,1935,2964,6.1,323
rightmove,165234272,https://www.rightmove.co.uk/properties/165234272,3699,2922,4475,3.7,896
rightmove,163418018,https://www.rightmove.co.uk/properties/163418018,8664,6844,10483,4.5,2553
rightmove,163421090,https://www.rightmove.co.uk/properties/163421090,5042,3983,6100,11.7,1119
rightmove,163868519,https://www.rightmove.co.uk/properties/163868519,3781,2986,4575,14.0,916
rightmove,163887212,https://www.rightmove.co.uk/properties/163887212,7219,5703,8734,25.4,553
rightmove,166990154,https://www.rightmove.co.uk/properties/166990154,3790,2994,4585,15.5,790
rightmove,82528496,https://www.rightmove.co.uk/properties/82528496,2719,2148,3289,25.9,623
rightmove,87421437,https://www.rightmove.co.uk/properties/87421437,2685,2121,3248,27.5,624
rightmove,167276927,https://www.rightmove.co.uk/properties/167276927,2712,2142,3281,26.3,623
rightmove,167470520,https://www.rightmove.co.uk/properties/167470520,3633,2870,4395,14.5,669
rightmove,167470397,https://www.rightmove.co.uk/properties/167470397,3555,2808,4301,17.0,712
rightmove,167344385,https://www.rightmove.co.uk/properties/167344385,2735,2160,3309,25.2,623
rightmove,167347760,https://www.rightmove.co.uk/properties/167347760,4395,3472,5317,17.3,941
rightmove,159959540,https://www.rightmove.co.uk/properties/159959540,3568,2818,4317,20.8,916
rightmove,160113593,https://www.rightmove.co.uk/properties/160113593,7221,5704,8737,25.4,553
rightmove,167589353,https://www.rightmove.co.uk/properties/167589353,4408,3482,5333,17.0,941
rightmove,87418275,https://www.rightmove.co.uk/properties/87418275,7655,6047,9262,28.2,2135
rightmove,161426885,https://www.rightmove.co.uk/properties/161426885,3733,2949,4516,4.5,814
rightmove,167589347,https://www.rightmove.co.uk/properties/167589347,2719,2148,3289,25.9,623
rightmove,167929862,https://www.rightmove.co.uk/properties/167929862,2453,1937,2968,16.6,485
rightmove,167929832,https://www.rightmove.co.uk/properties/167929832,4415,3487,5342,16.8,941
rightmove,162183905,https://www.rightmove.co.uk/properties/162183905,7825,6181,9468,34.3,553
rightmove,170584838,https://www.rightmove.co.uk/properties/170584838,3630,2867,4392,14.6,669
rightmove,167729357,https://www.rightmove.co.uk/properties/167729357,3630,2867,4392,14.6,669
rightmove,171011555,https://www.rightmove.co.uk/properties/171011555,2347,1854,2839,-21.2,355
rightmove,169331624,https://www.rightmove.co.uk/properties/169331624,4388,3466,5309,17.5,941
rightmove,167694866,https://www.rightmove.co.uk/properties/167694866,2718,2147,3288,25.9,623
rightmove,167981423,https://www.rightmove.co.uk/properties/167981423,4385,3464,5305,17.6,941
rightmove,168973445,https://www.rightmove.co.uk/properties/168973445,4408,3482,5333,17.0,941
rightmove,170174729,https://www.rightmove.co.uk/properties/170174729,2733,2159,3306,25.2,623
rightmove,68230076,https://www.rightmove.co.uk/properties/68230076,4408,3482,5333,17.0,941
rightmove,169564577,https://www.rightmove.co.uk/properties/169564577,6246,4934,7557,60.1,310
rightmove,169043627,https://www.rightmove.co.uk/properties/169043627,8141,6431,9850,49.6,872
rightmove,169863713,https://www.rightmove.co.uk/properties/169863713,8758,6918,10597,39.0,872
rightmove,169236749,https://www.rightmove.co.uk/properties/169236749,6191,4890,7491,96.7,871
rightmove,78748967,https://www.rightmove.co.uk/properties/78748967,6960,5498,8421,74.9,872
rightmove,169265642,https://www.rightmove.co.uk/properties/169265642,2719,2148,3289,25.9,623
rightmove,170902859,https://www.rightmove.co.uk/properties/170902859,8193,6472,9913,48.6,872
rightmove,169636985,https://www.rightmove.co.uk/properties/169636985,8193,6472,9913,48.6,872
rightmove,170004113,https://www.rightmove.co.uk/properties/170004113,6984,5517,8450,74.3,872
rightmove,170116589,https://www.rightmove.co.uk/properties/170116589,7514,5936,9091,62.0,858
rightmove,170122391,https://www.rightmove.co.uk/properties/170122391,4398,3474,5321,28.1,901
rightmove,170123948,https://www.rightmove.co.uk/properties/170123948,4254,3360,5147,38.0,850
rightmove,70428860,https://www.rightmove.co.uk/properties/70428860,4420,3491,5348,27.4,901
rightmove,70430411,https://www.rightmove.co.uk/properties/70430411,4227,3339,5114,38.9,850
rightmove,82529273,https://www.rightmove.co.uk/properties/82529273,3630,2867,4392,14.6,669
rightmove,170132969,https://www.rightmove.co.uk/properties/170132969,3630,2867,4392,14.6,669
rightmove,170144219,https://www.rightmove.co.uk/properties/170144219,4420,3491,5348,27.4,901
rightmove,170144618,https://www.rightmove.co.uk/properties/170144618,4631,3658,5603,26.8,850
rightmove,170133461,https://www.rightmove.co.uk/properties/170133461,3630,2867,4392,14.6,669
rightmove,170136464,https://www.rightmove.co.uk/properties/170136464,4318,3411,5224,36.0,865
rightmove,170147678,https://www.rightmove.co.uk/properties/170147678,4398,3474,5321,28.1,901
rightmove,170147945,https://www.rightmove.co.uk/properties/170147945,3650,2883,4416,14.0,669
rightmove,170151824,https://www.rightmove.co.uk/properties/170151824,3633,2870,4395,14.5,669
rightmove,170172458,https://www.rightmove.co.uk/properties/170172458,4628,3656,5599,26.9,850
rightmove,170177663,https://www.rightmove.co.uk/properties/170177663,4224,3336,5111,39.0,850
rightmove,170178326,https://www.rightmove.co.uk/properties/170178326,6961,5499,8422,74.9,872
rightmove,170180063,https://www.rightmove.co.uk/properties/170180063,4223,3336,5109,39.0,850
rightmove,170189465,https://www.rightmove.co.uk/properties/170189465,4420,3491,5348,27.4,901
rightmove,87462993,https://www.rightmove.co.uk/properties/87462993,7863,6211,9514,33.6,553
rightmove,87491118,https://www.rightmove.co.uk/properties/87491118,2883,2277,3488,-20.2,
rightmove,170915861,https://www.rightmove.co.uk/properties/170915861,7878,6223,9532,18.3,545
rightmove,170190959,https://www.rightmove.co.uk/properties/170190959,4182,3303,5060,25.6,802
rightmove,170960009,https://www.rightmove.co.uk/properties/170960009,2146,1695,2596,4.8,560
rightmove,170443619,https://www.rightmove.co.uk/properties/170443619,2623,2072,3173,-18.2,708
rightmove,170967392,https://www.rightmove.co.uk/properties/170967392,3610,2851,4368,-39.1,
rightmove,170943377,https://www.rightmove.co.uk/properties/170943377,3118,2463,3772,0.7,661
rightmove,170950022,https://www.rightmove.co.uk/properties/170950022,2168,1712,2623,-13.1,243
rightmove,170950949,https://www.rightmove.co.uk/properties/170950949,2600,2054,3146,41.7,578
rightmove,170951525,https://www.rightmove.co.uk/properties/170951525,6299,4976,7621,50.8,
rightmove,170955629,https://www.rightmove.co.uk/properties/170955629,3434,2712,4155,-18.5,571
rightmove,171009263,https://www.rightmove.co.uk/properties/171009263,2359,1863,2854,-27.9,344
rightmove,171018080,https://www.rightmove.co.uk/properties/171018080,2468,1949,2986,-13.1,593
rightmove,170986085,https://www.rightmove.co.uk/properties/170986085,2426,1916,2935,39.7,506
rightmove,170985842,https://www.rightmove.co.uk/properties/170985842,5039,3980,6097,14.1,700
rightmove,170986007,https://www.rightmove.co.uk/properties/170986007,7265,5739,8790,35.9,
rightmove,167094026,https://www.rightmove.co.uk/properties/167094026,9413,7436,11389,256.8,624
rightmove,170987477,https://www.rightmove.co.uk/properties/170987477,3906,3085,4726,-16.8,
rightmove,170987867,https://www.rightmove.co.uk/properties/170987867,3429,2708,4149,31.2,700
rightmove,170990906,https://www.rightmove.co.uk/properties/170990906,3799,3001,4596,2.1,
rightmove,170990969,https://www.rightmove.co.uk/properties/170990969,5971,4717,7224,480.6,126
rightmove,170994326,https://www.rightmove.co.uk/properties/170994326,5356,4231,6480,67.8,327
rightmove,170995082,https://www.rightmove.co.uk/properties/170995082,5031,3974,6087,83.4,227
rightmove,170996195,https://www.rightmove.co.uk/properties/170996195,3841,3034,4647,-15.4,
rightmove,170825039,https://www.rightmove.co.uk/properties/170825039,12269,9692,14845,111.9,894
rightmove,170999543,https://www.rightmove.co.uk/properties/170999543,3195,2524,3865,1.7,657
rightmove,87525090,https://www.rightmove.co.uk/properties/87525090,2875,2271,3478,-2.1,291
rightmove,87530157,https://www.rightmove.co.uk/properties/87530157,3219,2543,3894,-12.5,
rightmove,87531705,https://www.rightmove.co.uk/properties/87531705,3193,2522,3863,20.8,
rightmove,87532410,https://www.rightmove.co.uk/properties/87532410,4935,3898,5971,268.8,
rightmove,167540225,https://www.rightmove.co.uk/properties/167540225,7785,6150,9419,114.3,
rightmove,87535695,https://www.rightmove.co.uk/properties/87535695,2797,2209,3384,0.7,291
rightmove,87538770,https://www.rightmove.co.uk/properties/87538770,3604,2847,4360,7.0,606
rightmove,87540543,https://www.rightmove.co.uk/properties/87540543,3851,3042,4659,0.1,600
rightmove,170918849,https://www.rightmove.co.uk/properties/170918849,3289,2598,3979,-14.4,400
rightmove,170919881,https://www.rightmove.co.uk/properties/170919881,5699,4502,6895,219.4,760
rightmove,170692010,https://www.rightmove.co.uk/properties/170692010,4307,3402,5211,-7.1,
rightmove,168187184,https://www.rightmove.co.uk/properties/168187184,12278,9699,14856,111.8,896
rightmove,165692786,https://www.rightmove.co.uk/properties/165692786,6279,4960,7597,59.3,500
rightmove,170937623,https://www.rightmove.co.uk/properties/170937623,8825,6971,10678,214.3,460
rightmove,170942375,https://www.rightmove.co.uk/properties/170942375,4873,3849,5896,43.6,
rightmove,170942717,https://www.rightmove.co.uk/properties/170942717,8974,7089,10858,136.6,875
rightmove,170944769,https://www.rightmove.co.uk/properties/170944769,8765,6924,10605,191.7,483
rightmove,170944856,https://www.rightmove.co.uk/properties/170944856,3183,2514,3851,-11.5,
rightmove,170946215,https://www.rightmove.co.uk/properties/170946215,6345,5012,7677,186.8,
rightmove,87485556,https://www.rightmove.co.uk/properties/87485556,7466,5898,9033,127.7,787
rightmove,87446370,https://www.rightmove.co.uk/properties/87446370,3942,3114,4769,194.6,867
rightmove,170978588,https://www.rightmove.co.uk/properties/170978588,5850,4621,7078,-3.7,
rightmove,87429252,https://www.rightmove.co.uk/properties/87429252,5548,4382,6713,13.2,356
rightmove,170967752,https://www.rightmove.co.uk/properties/170967752,2957,2336,3577,-26.4,
rightmove,169776149,https://www.rightmove.co.uk/properties/169776149,2361,1865,2856,-15.4,492
rightmove,169485071,https://www.rightmove.co.uk/properties/169485071,3056,2414,3697,-10.0,732
rightmove,170982392,https://www.rightmove.co.uk/properties/170982392,3011,2378,3643,-10.4,661
rightmove,170968598,https://www.rightmove.co.uk/properties/170968598,3595,2840,4349,-16.7,808
rightmove,167685329,https://www.rightmove.co.uk/properties/167685329,6416,5068,7763,16.9,937
rightmove,170970041,https://www.rightmove.co.uk/properties/170970041,2814,2223,3404,20.8,
rightmove,170971445,https://www.rightmove.co.uk/properties/170971445,8811,6960,10661,-37.6,
rightmove,169988087,https://www.rightmove.co.uk/properties/169988087,2282,1802,2761,-14.5,391
rightmove,167082218,https://www.rightmove.co.uk/properties/167082218,2409,1903,2914,25.9,
rightmove,170973410,https://www.rightmove.co.uk/properties/170973410,2721,2149,3292,-8.1,685
rightmove,170973413,https://www.rightmove.co.uk/properties/170973413,2721,2149,3292,65.4,685
rightmove,170977397,https://www.rightmove.co.uk/properties/170977397,5593,4418,6767,-35.6,1237
rightmove,170978372,https://www.rightmove.co.uk/properties/170978372,3529,2787,4270,-0.8,
rightmove,170978387,https://www.rightmove.co.uk/properties/170978387,2075,1639,2510,13.3,560
rightmove,170584514,https://www.rightmove.co.uk/properties/170584514,2941,2323,3558,-3.1,743
rightmove,114418697,https://www.rightmove.co.uk/properties/114418697,3133,2475,3790,11.7,913
rightmove,170980247,https://www.rightmove.co.uk/properties/170980247,3576,2825,4326,-27.3,
rightmove,169862189,https://www.rightmove.co.uk/properties/169862189,3003,2372,3633,16.6,883
rightmove,87379278,https://www.rightmove.co.uk/properties/87379278,6915,5462,8367,88.0,1614
rightmove,170983202,https://www.rightmove.co.uk/properties/170983202,3825,3021,4628,8.8,
rightmove,169311989,https://www.rightmove.co.uk/properties/169311989,5191,4100,6281,-79.1,1670
rightmove,170895581,https://www.rightmove.co.uk/properties/170895581,5000,3950,6050,132.3,867
rightmove,170955650,https://www.rightmove.co.uk/properties/170955650,3041,2402,3679,3.3,677
rightmove,170964158,https://www.rightmove.co.uk/properties/170964158,2376,1877,2874,23.1,
rightmove,170964182,https://www.rightmove.co.uk/properties/170964182,5424,4284,6563,47.5,
rightmove,170971637,https://www.rightmove.co.uk/properties/170971637,3702,2924,4479,46.3,784
rightmove,170978012,https://www.rightmove.co.uk/properties/170978012,3574,2823,4324,0.6,
rightmove,170981618,https://www.rightmove.co.uk/properties/170981618,2436,1924,2947,12.9,
rightmove,170982701,https://www.rightmove.co.uk/properties/170982701,6014,4751,7276,58.0,
rightmove,170853524,https://www.rightmove.co.uk/properties/170853524,9395,7422,11367,219.3,727
rightmove,170991530,https://www.rightmove.co.uk/properties/170991530,5592,4417,6766,-22.9,615
rightmove,170995721,https://www.rightmove.co.uk/properties/170995721,4873,3849,5896,433.6,209
rightmove,170995688,https://www.rightmove.co.uk/properties/170995688,4873,3849,5896,211.2,209
rightmove,170590538,https://www.rightmove.co.uk/properties/170590538,5000,3950,6050,132.3,867
rightmove,167644466,https://www.rightmove.co.uk/properties/167644466,4899,3870,5927,17.4,233
rightmove,170536421,https://www.rightmove.co.uk/properties/170536421,5000,3950,6050,132.3,867
rightmove,87536430,https://www.rightmove.co.uk/properties/87536430,5046,3986,6105,67.5,553
rightmove,170456243,https://www.rightmove.co.uk/properties/170456243,5000,3950,6050,132.3,867
rightmove,170502017,https://www.rightmove.co.uk/properties/170502017,4898,3869,5926,10.6,462
rightmove,170313428,https://www.rightmove.co.uk/properties/170313428,3927,3102,4751,264.1,136
rightmove,170313425,https://www.rightmove.co.uk/properties/170313425,4997,3947,6046,132.4,867
rightmove,170335787,https://www.rightmove.co.uk/properties/170335787,3936,3109,4762,263.3,136
rightmove,170335784,https://www.rightmove.co.uk/properties/170335784,5000,3950,6050,132.3,867
rightmove,142808525,https://www.rightmove.co.uk/properties/142808525,3936,3109,4762,263.3,136
rightmove,139078685,https://www.rightmove.co.uk/properties/139078685,5000,3950,6050,132.3,867
rightmove,87488958,https://www.rightmove.co.uk/properties/87488958,4570,3610,5529,95.3,730
rightmove,169867109,https://www.rightmove.co.uk/properties/169867109,4478,3537,5418,274.0,266
rightmove,170431829,https://www.rightmove.co.uk/properties/170431829,4767,3765,5768,77.3,381
rightmove,169647452,https://www.rightmove.co.uk/properties/169647452,4767,3765,5768,77.3,381
rightmove,171011342,https://www.rightmove.co.uk/properties/171011342,11505,9088,13921,21.7,960
rightmove,170512583,https://www.rightmove.co.uk/properties/170512583,4570,3610,5529,95.3,730
savills,gblsrecel180028l,,2106,1663,2548,-41.4,133
savills,gblsrecel120210l,,7495,5921,9068,20.1,1593
savills,gbwprewsl250011l,,3451,2726,4175,-29.1,474
savills,gbpurepul250085l,,7654,6046,9261,-41.2,1725
savills,gbbzremas132346l,,11161,8817,13504,25.4,3960
savills,gbwprewsl220078l,,5144,4063,6224,-12.6,911
savills,gbssreclv186844l,,3987,3149,4824,-24.5,604
savills,gbnnrenhl230031l,,3935,3108,4761,27.1,835
savills,gbssresll170102l,,3885,3069,4700,8.8,723
savills,gbsjrestl150076l,,3852,3043,4660,-10.6,840
savills,gbwarewal180049l,,4533,3581,5484,-37.1,755
savills,gbwlrepul260005l,,6857,5417,8296,-41.7,1497
savills,gbbzrebzl190060l,,3798,3000,4595,-28.9,577
savills,gblsrecel110019l,,9575,7564,11585,58.2,1994
savills,gbkbreknl190039l,,8453,6677,10228,102.5,2187
savills,gbmorembl160068l,,5324,4205,6442,-41.0,504
knightfrank,cus012550700,,3338,2637,4038,-19.1,547
knightfrank,ilm012635512,,2675,2113,3236,95.3,593
knightfrank,mrq012608557,,3356,2651,4060,-23.8,474
knightfrank,baq012605180,,3537,2794,4279,-26.5,522
knightfrank,baq012530502,,3438,2716,4159,-20.0,586
knightfrank,sjq012615274,,3731,2947,4514,-14.3,672
knightfrank,skq012544714,,4369,3451,5286,38.4,1292
knightfrank,chq012684222,,2598,2052,3143,-28.9,326
knightfrank,wlq012657809,,4817,3805,5828,-38.8,801
knightfrank,baq012555035,,4334,3423,5244,-5.4,841
knightfrank,knq012612454,,4486,3543,5428,1.4,667
knightfrank,chq012616118,,5118,4043,6192,-21.9,1153
knightfrank,flq012548552,,3330,2630,4029,-44.4,
chestertons,21377577_SVL190007,,2293,1811,2774,-6.2,
chestertons,21377578_HEA227843,,3853,3043,4662,-16.9,908
chestertons,21377934_FCL260006,,2255,1781,2728,24.9,420
rightmove,171030086,https://www.rightmove.co.uk/properties/171030086,2708,2139,3276,-0.3,717
rightmove,171033161,https://www.rightmove.co.uk/properties/171033161,6049,4778,7319,-45.5,920
rightmove,171027857,https://www.rightmove.co.uk/properties/171027857,5601,4424,6777,-23.2,
rightmove,171038495,https://www.rightmove.co.uk/properties/171038495,2882,2276,3487,12.8,540
rightmove,171038387,https://www.rightmove.co.uk/properties/171038387,5530,4368,6691,331.0,
rightmove,171008867,https://www.rightmove.co.uk/properties/171008867,2127,1680,2573,-15.4,
rightmove,171009209,https://www.rightmove.co.uk/properties/171009209,3578,2826,4329,-21.7,
rightmove,171003491,https://www.rightmove.co.uk/properties/171003491,2856,2256,3455,6.2,532
rightmove,171007124,https://www.rightmove.co.uk/properties/171007124,4443,3509,5376,-17.1,972
rightmove,87385554,https://www.rightmove.co.uk/properties/87385554,4308,3403,5212,-13.0,807
rightmove,170984198,https://www.rightmove.co.uk/properties/170984198,8237,6507,9966,57.8,
rightmove,170991560,https://www.rightmove.co.uk/properties/170991560,4997,3947,6046,132.4,867
rightmove,170982347,https://www.rightmove.co.uk/properties/170982347,4142,3272,5011,-16.8,840
rightmove,170863796,https://www.rightmove.co.uk/properties/170863796,6175,4878,7471,70.2,553
rightmove,169744043,https://www.rightmove.co.uk/properties/169744043,4280,3381,5178,13.9,140
rightmove,87481887,https://www.rightmove.co.uk/properties/87481887,4087,3228,4945,-20.5,704
rightmove,170829101,https://www.rightmove.co.uk/properties/170829101,7117,5622,8611,39.1,423
rightmove,170585213,https://www.rightmove.co.uk/properties/170585213,3936,3109,4762,263.3,136
rightmove,171074672,https://www.rightmove.co.uk/properties/171074672,3257,2573,3940,-36.1,730
rightmove,169173734,https://www.rightmove.co.uk/properties/169173734,3852,3043,4660,-15.6,856
rightmove,171051269,https://www.rightmove.co.uk/properties/171051269,3413,2696,4129,-37.0,
rightmove,169005065,https://www.rightmove.co.uk/properties/169005065,8206,6482,9929,94.9,458
rightmove,87301821,https://www.rightmove.co.uk/properties/87301821,4464,3526,5401,35.9,111
rightmove,171050966,https://www.rightmove.co.uk/properties/171050966,3645,2879,4410,-27.3,
rightmove,167083292,https://www.rightmove.co.uk/properties/167083292,7221,5704,8737,25.4,553
rightmove,167152343,https://www.rightmove.co.uk/properties/167152343,5590,4416,6763,150.4,1262
rightmove,169903739,https://www.rightmove.co.uk/properties/169903739,7963,6290,9635,19.4,503
rightmove,171001343,https://www.rightmove.co.uk/properties/171001343,4793,3786,5799,-16.5,560
rightmove,170980130,https://www.rightmove.co.uk/properties/170980130,7825,6181,9468,34.3,553
rightmove,162705368,https://www.rightmove.co.uk/properties/162705368,2455,1939,2970,5.9,323
rightmove,158181536,https://www.rightmove.co.uk/properties/158181536,7655,6047,9262,28.2,2135
rightmove,156415922,https://www.rightmove.co.uk/properties/156415922,7221,5704,8737,25.4,553
rightmove,171038444,https://www.rightmove.co.uk/properties/171038444,3276,2588,3963,78.6,
rightmove,171017897,https://www.rightmove.co.uk/properties/171017897,3868,3055,4680,4.2,709
rightmove,171013139,https://www.rightmove.co.uk/properties/171013139,4218,3332,5103,-7.5,685
rightmove,170944685,https://www.rightmove.co.uk/properties/170944685,3852,3043,4660,4.6,709
rightmove,170972126,https://www.rightmove.co.uk/properties/170972126,9170,7244,11095,774.2,680
rightmove,171007694,https://www.rightmove.co.uk/properties/171007694,2105,1662,2547,-31.1,257
rightmove,170945228,https://www.rightmove.co.uk/properties/170945228,4789,3783,5794,-0.5,854
rightmove,171021137,https://www.rightmove.co.uk/properties/171021137,10322,8154,12489,45.3,3886
rightmove,171038378,https://www.rightmove.co.uk/properties/171038378,7482,5910,9053,88.2,
rightmove,171014165,https://www.rightmove.co.uk/properties/171014165,5000,3950,6050,116.7,221
rightmove,171015521,https://www.rightmove.co.uk/properties/171015521,7250,5727,8772,73.3,380
rightmove,171035621,https://www.rightmove.co.uk/properties/171035621,4801,3792,5809,-0.7,854
rightmove,170440244,https://www.rightmove.co.uk/properties/170440244,4801,3792,5809,-0.7,854
rightmove,169304378,https://www.rightmove.co.uk/properties/169304378,8939,7061,10816,67.8,2500
rightmove,87462273,https://www.rightmove.co.uk/properties/87462273,3858,3047,4668,12.3,687
rightmove,170779412,https://www.rightmove.co.uk/properties/170779412,2358,1862,2853,-8.1,258
rightmove,168442754,https://www.rightmove.co.uk/properties/168442754,4932,3896,5967,29.6,
rightmove,171038381,https://www.rightmove.co.uk/properties/171038381,2941,2323,3558,193.9,
rightmove,165142190,https://www.rightmove.co.uk/properties/165142190,7833,6188,9477,15.6,553
rightmove,171024218,https://www.rightmove.co.uk/properties/171024218,2740,2164,3315,14.6,459
rightmove,171050591,https://www.rightmove.co.uk/properties/171050591,4115,3250,4979,-32.0,
rightmove,171038459,https://www.rightmove.co.uk/properties/171038459,8512,6724,10299,154.5,
rightmove,171040397,https://www.rightmove.co.uk/properties/171040397,6537,5164,7909,60.6,745
rightmove,170819627,https://www.rightmove.co.uk/properties/170819627,4048,3197,4898,28.5,204
rightmove,171038453,https://www.rightmove.co.uk/properties/171038453,9778,7724,11831,53.4,500
rightmove,171038468,https://www.rightmove.co.uk/properties/171038468,2941,2323,3558,246.2,
rightmove,171047891,https://www.rightmove.co.uk/properties/171047891,4249,3356,5141,-31.2,822
rightmove,170845334,https://www.rightmove.co.uk/properties/170845334,3834,3028,4639,273.0,115
rightmove,170885744,https://www.rightmove.co.uk/properties/170885744,2657,2099,3214,26.4,513
rightmove,171019868,https://www.rightmove.co.uk/properties/171019868,9223,7286,11159,111.4,586
rightmove,169054703,https://www.rightmove.co.uk/properties/169054703,4798,3790,5805,-37.5,889
rightmove,170862452,https://www.rightmove.co.uk/properties/170862452,7984,6307,9660,19.1,503
rightmove,170641946,https://www.rightmove.co.uk/properties/170641946,3255,2571,3938,13.1,844
rightmove,171039059,https://www.rightmove.co.uk/properties/171039059,3911,3089,4732,33.0,124
rightmove,171025052,https://www.rightmove.co.uk/properties/171025052,2774,2191,3356,-17.1,
rightmove,171038405,https://www.rightmove.co.uk/properties/171038405,6902,5452,8351,88.4,1614
rightmove,171038330,https://www.rightmove.co.uk/properties/171038330,4858,3837,5878,24.9,
rightmove,171038366,https://www.rightmove.co.uk/properties/171038366,3289,2598,3979,18.6,
rightmove,171055742,https://www.rightmove.co.uk/properties/171055742,4301,3397,5204,-7.0,864
rightmove,171038342,https://www.rightmove.co.uk/properties/171038342,3477,2746,4207,-12.8,
rightmove,170177153,https://www.rightmove.co.uk/properties/170177153,4427,3497,5356,27.2,901
rightmove,170143058,https://www.rightmove.co.uk/properties/170143058,3604,2847,4360,15.4,669
rightmove,170122337,https://www.rightmove.co.uk/properties/170122337,3630,2867,4392,14.6,669
rightmove,170955428,https://www.rightmove.co.uk/properties/170955428,6839,5402,8275,31.6,576
rightmove,171022148,https://www.rightmove.co.uk/properties/171022148,3585,2832,4337,-10.7,
rightmove,170763212,https://www.rightmove.co.uk/properties/170763212,2280,1801,2758,-12.3,363
rightmove,170379452,https://www.rightmove.co.uk/properties/170379452,3594,2839,4348,-16.5,810
rightmove,87491907,https://www.rightmove.co.uk/properties/87491907,4384,3463,5304,14.0,198
rightmove,87521061,https://www.rightmove.co.uk/properties/87521061,2148,1696,2599,-33.8,
rightmove,171049883,https://www.rightmove.co.uk/properties/171049883,3135,2476,3793,53.1,
rightmove,169334507,https://www.rightmove.co.uk/properties/169334507,3565,2816,4313,12.2,700
rightmove,170934797,https://www.rightmove.co.uk/properties/170934797,3638,2874,4401,-17.8,666
rightmove,170966183,https://www.rightmove.co.uk/properties/170966183,4258,3363,5152,-6.5,
rightmove,171015281,https://www.rightmove.co.uk/properties/171015281,3858,3047,4668,-14.1,969
rightmove,170846246,https://www.rightmove.co.uk/properties/170846246,4823,3810,5835,-6.7,588
rightmove,170990651,https://www.rightmove.co.uk/properties/170990651,3431,2710,4151,64.2,648
rightmove,167403242,https://www.rightmove.co.uk/properties/167403242,4139,3269,5008,45.0,258
rightmove,169934255,https://www.rightmove.co.uk/properties/169934255,3667,2896,4437,0.9,793
rightmove,168200999,https://www.rightmove.co.uk/properties/168200999,3781,2986,4575,-0.8,305
rightmove,170980241,https://www.rightmove.co.uk/properties/170980241,2361,1865,2856,37.7,559
rightmove,170977199,https://www.rightmove.co.uk/properties/170977199,1953,1542,2363,-11.2,176
rightmove,170949935,https://www.rightmove.co.uk/properties/170949935,2489,1966,3011,13.1,365
rightmove,169649144,https://www.rightmove.co.uk/properties/169649144,6742,5326,8157,76.7,473
rightmove,170960990,https://www.rightmove.co.uk/properties/170960990,7069,5584,8553,27.3,719
rightmove,170971346,https://www.rightmove.co.uk/properties/170971346,5371,4243,6498,33.1,
rightmove,170971439,https://www.rightmove.co.uk/properties/170971439,5774,4561,6986,-6.2,
rightmove,170980646,https://www.rightmove.co.uk/properties/170980646,3395,2682,4107,-14.6,815
rightmove,167622632,https://www.rightmove.co.uk/properties/167622632,5716,4515,6916,18.1,228
rightmove,169180940,https://www.rightmove.co.uk/properties/169180940,5725,4522,6927,17.9,228
rightmove,167850884,https://www.rightmove.co.uk/properties/167850884,5715,4514,6915,18.1,228
rightmove,169415705,https://www.rightmove.co.uk/properties/169415705,6267,4950,7583,142.0,672
rightmove,170973875,https://www.rightmove.co.uk/properties/170973875,2489,1966,3011,20.5,
rightmove,170974571,https://www.rightmove.co.uk/properties/170974571,3646,2880,4411,-26.9,721
rightmove,170977040,https://www.rightmove.co.uk/properties/170977040,4316,3409,5222,75.7,
rightmove,171014213,https://www.rightmove.co.uk/properties/171014213,2415,1907,2922,-23.4,327
rightmove,168270077,https://www.rightmove.co.uk/properties/168270077,6742,5326,8157,76.7,473
rightmove,171014978,https://www.rightmove.co.uk/properties/171014978,2415,1907,2922,-17.6,327
rightmove,167397527,https://www.rightmove.co.uk/properties/167397527,3748,2960,4535,108.1,145
rightmove,165475292,https://www.rightmove.co.uk/properties/165475292,7204,5691,8716,142.9,914
rightmove,171004199,https://www.rightmove.co.uk/properties/171004199,2680,2117,3242,9.1,379
rightmove,162563252,https://www.rightmove.co.uk/properties/162563252,2097,1656,2537,138.4,377
rightmove,167423657,https://www.rightmove.co.uk/properties/167423657,2885,2279,3490,73.3,377
rightmove,167423930,https://www.rightmove.co.uk/properties/167423930,2097,1656,2537,138.4,377
rightmove,167414549,https://www.rightmove.co.uk/properties/167414549,2885,2279,3490,73.3,377
rightmove,163871927,https://www.rightmove.co.uk/properties/163871927,2097,1656,2537,138.4,377
rightmove,163871906,https://www.rightmove.co.uk/properties/163871906,2097,1656,2537,138.4,377
rightmove,164267357,https://www.rightmove.co.uk/properties/164267357,5686,4491,6880,624.0,344
rightmove,159329711,https://www.rightmove.co.uk/properties/159329711,7204,5691,8716,142.9,914
rightmove,170984066,https://www.rightmove.co.uk/properties/170984066,7997,6317,9676,89.6,
rightmove,87411558,https://www.rightmove.co.uk/properties/87411558,2827,2233,3420,-17.0,
rightmove,170959571,https://www.rightmove.co.uk/properties/170959571,3356,2651,4060,-28.5,812
rightmove,170964887,https://www.rightmove.co.uk/properties/170964887,3964,3131,4796,42.1,935
rightmove,170966237,https://www.rightmove.co.uk/properties/170966237,4929,3893,5964,119.8,373
rightmove,170971514,https://www.rightmove.co.uk/properties/170971514,4806,3796,5815,-7.4,389
rightmove,170984294,https://www.rightmove.co.uk/properties/170984294,1971,1557,2384,-6.1,194
rightmove,170985431,https://www.rightmove.co.uk/properties/170985431,2735,2160,3309,18.8,732
rightmove,170991038,https://www.rightmove.co.uk/properties/170991038,4384,3463,5304,14.0,198
rightmove,170383625,https://www.rightmove.co.uk/properties/170383625,2185,1726,2643,-42.8,
